id,name,country,website
1,LuxDesigns 1,GBR,https://www.luxdesigns1.com
2,AeroGoods 2,KOR,https://www.aerogoods2.com
3,ApexLabs 3,ESP,https://www.apexlabs3.com
4,EchoWear 4,GBR,https://www.echowear4.com
5,LuxWear 5,USA,https://www.luxwear5.com
6,SummitIndustries 6,USA,https://www.summitindustries6.com
7,EchoLabs 7,JPN,https://www.echolabs7.com
8,QuantumWear 8,FRA,https://www.quantumwear8.com
9,ApexGear 9,DEU,https://www.apexgear9.com
10,NovaWear 10,FRA,https://www.novawear10.com
11,ApexGoods 11,ESP,https://www.apexgoods11.com
12,TerraDesigns 12,JPN,https://www.terradesigns12.com
13,QuantumTech 13,ESP,https://www.quantumtech13.com
14,VertexTech 14,GBR,https://www.vertextech14.com
15,LuxWear 15,FRA,https://www.luxwear15.com
16,TerraCorp 16,FRA,https://www.terracorp16.com
17,AeroGoods 17,KOR,https://www.aerogoods17.com
18,ApexWear 18,AUS,https://www.apexwear18.com
19,SummitGear 19,DEU,https://www.summitgear19.com
20,LuxGear 20,ITA,https://www.luxgear20.com
21,VertexDesigns 21,AUS,https://www.vertexdesigns21.com
22,VertexCorp 22,JPN,https://www.vertexcorp22.com
23,QuantumGear 23,KOR,https://www.quantumgear23.com
24,QuantumCorp 24,JPN,https://www.quantumcorp24.com
25,NovaTech 25,USA,https://www.novatech25.com
26,LuxLabs 26,USA,https://www.luxlabs26.com
27,SummitGoods 27,USA,https://www.summitgoods27.com
28,InfinityStyles 28,GBR,https://www.infinitystyles28.com
29,ApexGoods 29,CAN,https://www.apexgoods29.com
30,SummitIndustries 30,USA,https://www.summitindustries30.com
31,LuxTech 31,ITA,https://www.luxtech31.com
32,ApexTech 32,ITA,https://www.apextech32.com
33,AeroDesigns 33,ESP,https://www.aerodesigns33.com
34,TerraGoods 34,FRA,https://www.terragoods34.com
35,NovaDesigns 35,GBR,https://www.novadesigns35.com
36,NovaIndustries 36,FRA,https://www.novaindustries36.com
37,VertexLabs 37,KOR,https://www.vertexlabs37.com
38,VertexGear 38,USA,https://www.vertexgear38.com
39,ApexGear 39,DEU,https://www.apexgear39.com
40,NovaGear 40,GBR,https://www.novagear40.com
41,InfinityLabs 41,ESP,https://www.infinitylabs41.com
42,ApexWear 42,JPN,https://www.apexwear42.com
43,LuxGear 43,USA,https://www.luxgear43.com
44,VertexGoods 44,GBR,https://www.vertexgoods44.com
45,ApexDesigns 45,USA,https://www.apexdesigns45.com
46,AeroIndustries 46,ESP,https://www.aeroindustries46.com
47,TerraGear 47,USA,https://www.terragear47.com
48,QuantumLabs 48,KOR,https://www.quantumlabs48.com
49,ApexGear 49,ESP,https://www.apexgear49.com
50,VertexCorp 50,ITA,https://www.vertexcorp50.com
51,TerraCorp 51,ITA,https://www.terracorp51.com
52,VertexDesigns 52,FRA,https://www.vertexdesigns52.com
53,ApexGear 53,AUS,https://www.apexgear53.com
54,VertexIndustries 54,DEU,https://www.vertexindustries54.com
55,VertexDesigns 55,GBR,https://www.vertexdesigns55.com
56,SummitLabs 56,AUS,https://www.summitlabs56.com
57,TerraTech 57,JPN,https://www.terratech57.com
58,TerraTech 58,ESP,https://www.terratech58.com
59,LuxTech 59,JPN,https://www.luxtech59.com
60,SummitIndustries 60,ITA,https://www.summitindustries60.com
61,VertexGoods 61,USA,https://www.vertexgoods61.com
62,EchoCorp 62,JPN,https://www.echocorp62.com
63,AeroGoods 63,FRA,https://www.aerogoods63.com
64,QuantumIndustries 64,GBR,https://www.quantumindustries64.com
65,VertexTech 65,USA,https://www.vertextech65.com
66,VertexCorp 66,ESP,https://www.vertexcorp66.com
67,InfinityGoods 67,GBR,https://www.infinitygoods67.com
68,SummitIndustries 68,USA,https://www.summitindustries68.com
69,EchoWear 69,DEU,https://www.echowear69.com
70,AeroLabs 70,JPN,https://www.aerolabs70.com
71,InfinityStyles 71,FRA,https://www.infinitystyles71.com
72,AeroTech 72,AUS,https://www.aerotech72.com
73,NovaGoods 73,ITA,https://www.novagoods73.com
74,NovaLabs 74,AUS,https://www.novalabs74.com
75,LuxGoods 75,ITA,https://www.luxgoods75.com
76,LuxGear 76,DEU,https://www.luxgear76.com
77,ApexTech 77,ESP,https://www.apextech77.com
78,LuxTech 78,KOR,https://www.luxtech78.com
79,LuxGoods 79,GBR,https://www.luxgoods79.com
80,TerraIndustries 80,JPN,https://www.terraindustries80.com
81,QuantumWear 81,ITA,https://www.quantumwear81.com
82,VertexGear 82,AUS,https://www.vertexgear82.com
83,ApexIndustries 83,USA,https://www.apexindustries83.com
84,ApexWear 84,USA,https://www.apexwear84.com
85,ApexIndustries 85,KOR,https://www.apexindustries85.com
86,AeroDesigns 86,DEU,https://www.aerodesigns86.com
87,ApexCorp 87,ESP,https://www.apexcorp87.com
88,ApexStyles 88,CAN,https://www.apexstyles88.com
89,InfinityTech 89,USA,https://www.infinitytech89.com
90,InfinityTech 90,KOR,https://www.infinitytech90.com
91,SummitWear 91,JPN,https://www.summitwear91.com
92,EchoDesigns 92,JPN,https://www.echodesigns92.com
93,LuxDesigns 93,KOR,https://www.luxdesigns93.com
94,EchoGoods 94,ESP,https://www.echogoods94.com
95,EchoDesigns 95,AUS,https://www.echodesigns95.com
96,SummitStyles 96,USA,https://www.summitstyles96.com
97,SummitIndustries 97,DEU,https://www.summitindustries97.com
98,QuantumIndustries 98,DEU,https://www.quantumindustries98.com
99,LuxTech 99,USA,https://www.luxtech99.com
100,AeroGoods 100,AUS,https://www.aerogoods100.com
101,QuantumLabs 101,USA,https://www.quantumlabs101.com
102,ApexGoods 102,JPN,https://www.apexgoods102.com
103,TerraCorp 103,ITA,https://www.terracorp103.com
104,VertexGear 104,USA,https://www.vertexgear104.com
105,QuantumGear 105,ESP,https://www.quantumgear105.com
106,LuxStyles 106,AUS,https://www.luxstyles106.com
107,InfinityLabs 107,ESP,https://www.infinitylabs107.com
108,EchoWear 108,ITA,https://www.echowear108.com
109,LuxIndustries 109,GBR,https://www.luxindustries109.com
110,TerraTech 110,JPN,https://www.terratech110.com
111,InfinityGear 111,FRA,https://www.infinitygear111.com
112,NovaWear 112,USA,https://www.novawear112.com
113,EchoWear 113,DEU,https://www.echowear113.com
114,TerraWear 114,ESP,https://www.terrawear114.com
115,TerraGear 115,KOR,https://www.terragear115.com
116,EchoTech 116,ITA,https://www.echotech116.com
117,NovaGear 117,ITA,https://www.novagear117.com
118,ApexTech 118,ESP,https://www.apextech118.com
119,EchoLabs 119,USA,https://www.echolabs119.com
120,TerraLabs 120,JPN,https://www.terralabs120.com
121,VertexDesigns 121,ESP,https://www.vertexdesigns121.com
122,EchoTech 122,ESP,https://www.echotech122.com
123,InfinityIndustries 123,GBR,https://www.infinityindustries123.com
124,QuantumIndustries 124,KOR,https://www.quantumindustries124.com
125,VertexCorp 125,USA,https://www.vertexcorp125.com
126,QuantumTech 126,AUS,https://www.quantumtech126.com
127,QuantumLabs 127,KOR,https://www.quantumlabs127.com
128,LuxWear 128,ITA,https://www.luxwear128.com
129,ApexGear 129,FRA,https://www.apexgear129.com
130,TerraGear 130,CAN,https://www.terragear130.com
131,AeroLabs 131,KOR,https://www.aerolabs131.com
132,VertexLabs 132,USA,https://www.vertexlabs132.com
133,TerraTech 133,ESP,https://www.terratech133.com
134,InfinityCorp 134,ESP,https://www.infinitycorp134.com
135,InfinityLabs 135,JPN,https://www.infinitylabs135.com
136,ApexStyles 136,GBR,https://www.apexstyles136.com
137,QuantumStyles 137,ESP,https://www.quantumstyles137.com
138,QuantumLabs 138,JPN,https://www.quantumlabs138.com
139,SummitGear 139,ITA,https://www.summitgear139.com
140,SummitGear 140,ESP,https://www.summitgear140.com
141,NovaLabs 141,KOR,https://www.novalabs141.com
142,VertexDesigns 142,FRA,https://www.vertexdesigns142.com
143,QuantumCorp 143,CAN,https://www.quantumcorp143.com
144,AeroTech 144,JPN,https://www.aerotech144.com
145,EchoTech 145,JPN,https://www.echotech145.com
146,AeroGear 146,GBR,https://www.aerogear146.com
147,TerraDesigns 147,GBR,https://www.terradesigns147.com
148,ApexTech 148,AUS,https://www.apextech148.com
149,VertexWear 149,JPN,https://www.vertexwear149.com
150,InfinityIndustries 150,ITA,https://www.infinityindustries150.com
151,LuxDesigns 151,USA,https://www.luxdesigns151.com
152,SummitGoods 152,DEU,https://www.summitgoods152.com
153,InfinityGoods 153,USA,https://www.infinitygoods153.com
154,VertexDesigns 154,ESP,https://www.vertexdesigns154.com
155,NovaIndustries 155,JPN,https://www.novaindustries155.com
156,InfinityIndustries 156,ESP,https://www.infinityindustries156.com
157,SummitGear 157,USA,https://www.summitgear157.com
158,AeroTech 158,USA,https://www.aerotech158.com
159,TerraTech 159,FRA,https://www.terratech159.com
160,SummitDesigns 160,FRA,https://www.summitdesigns160.com
161,LuxDesigns 161,ITA,https://www.luxdesigns161.com
162,QuantumCorp 162,USA,https://www.quantumcorp162.com
163,LuxIndustries 163,KOR,https://www.luxindustries163.com
164,SummitTech 164,CAN,https://www.summittech164.com
165,TerraGoods 165,KOR,https://www.terragoods165.com
166,InfinityIndustries 166,DEU,https://www.infinityindustries166.com
167,LuxLabs 167,ITA,https://www.luxlabs167.com
168,LuxDesigns 168,AUS,https://www.luxdesigns168.com
169,EchoDesigns 169,GBR,https://www.echodesigns169.com
170,InfinityTech 170,KOR,https://www.infinitytech170.com
171,VertexCorp 171,GBR,https://www.vertexcorp171.com
172,NovaStyles 172,ITA,https://www.novastyles172.com
173,LuxDesigns 173,ITA,https://www.luxdesigns173.com
174,EchoDesigns 174,ESP,https://www.echodesigns174.com
175,TerraGoods 175,FRA,https://www.terragoods175.com
176,AeroDesigns 176,AUS,https://www.aerodesigns176.com
177,SummitTech 177,ESP,https://www.summittech177.com
178,ApexGear 178,CAN,https://www.apexgear178.com
179,TerraStyles 179,CAN,https://www.terrastyles179.com
180,InfinityDesigns 180,FRA,https://www.infinitydesigns180.com
181,SummitCorp 181,DEU,https://www.summitcorp181.com
182,InfinityLabs 182,ITA,https://www.infinitylabs182.com
183,AeroGear 183,USA,https://www.aerogear183.com
184,LuxTech 184,JPN,https://www.luxtech184.com
185,VertexIndustries 185,CAN,https://www.vertexindustries185.com
186,InfinityDesigns 186,DEU,https://www.infinitydesigns186.com
187,TerraWear 187,GBR,https://www.terrawear187.com
188,LuxTech 188,FRA,https://www.luxtech188.com
189,NovaLabs 189,KOR,https://www.novalabs189.com
190,QuantumIndustries 190,AUS,https://www.quantumindustries190.com
191,ApexWear 191,ITA,https://www.apexwear191.com
192,VertexCorp 192,FRA,https://www.vertexcorp192.com
193,QuantumLabs 193,AUS,https://www.quantumlabs193.com
194,SummitCorp 194,DEU,https://www.summitcorp194.com
195,InfinityStyles 195,KOR,https://www.infinitystyles195.com
196,NovaStyles 196,FRA,https://www.novastyles196.com
197,VertexWear 197,GBR,https://www.vertexwear197.com
198,InfinityStyles 198,JPN,https://www.infinitystyles198.com
199,QuantumDesigns 199,DEU,https://www.quantumdesigns199.com
200,NovaLabs 200,USA,https://www.novalabs200.com
201,TerraCorp 201,FRA,https://www.terracorp201.com
202,EchoIndustries 202,CAN,https://www.echoindustries202.com
203,TerraGoods 203,KOR,https://www.terragoods203.com
204,EchoWear 204,ITA,https://www.echowear204.com
205,ApexLabs 205,FRA,https://www.apexlabs205.com
206,InfinityGear 206,KOR,https://www.infinitygear206.com
207,AeroGoods 207,JPN,https://www.aerogoods207.com
208,AeroWear 208,USA,https://www.aerowear208.com
209,AeroWear 209,USA,https://www.aerowear209.com
210,SummitStyles 210,USA,https://www.summitstyles210.com
211,InfinityDesigns 211,GBR,https://www.infinitydesigns211.com
212,LuxWear 212,KOR,https://www.luxwear212.com
213,AeroWear 213,GBR,https://www.aerowear213.com
214,InfinityDesigns 214,AUS,https://www.infinitydesigns214.com
215,VertexCorp 215,GBR,https://www.vertexcorp215.com
216,QuantumTech 216,CAN,https://www.quantumtech216.com
217,VertexLabs 217,CAN,https://www.vertexlabs217.com
218,SummitGoods 218,USA,https://www.summitgoods218.com
219,SummitGoods 219,AUS,https://www.summitgoods219.com
220,SummitGear 220,AUS,https://www.summitgear220.com
221,AeroTech 221,USA,https://www.aerotech221.com
222,VertexWear 222,ITA,https://www.vertexwear222.com
223,TerraLabs 223,GBR,https://www.terralabs223.com
224,LuxStyles 224,DEU,https://www.luxstyles224.com
225,InfinityWear 225,CAN,https://www.infinitywear225.com
226,TerraGoods 226,CAN,https://www.terragoods226.com
227,LuxCorp 227,ITA,https://www.luxcorp227.com
228,QuantumCorp 228,USA,https://www.quantumcorp228.com
229,VertexWear 229,GBR,https://www.vertexwear229.com
230,SummitTech 230,USA,https://www.summittech230.com
231,EchoWear 231,GBR,https://www.echowear231.com
232,AeroLabs 232,KOR,https://www.aerolabs232.com
233,EchoCorp 233,JPN,https://www.echocorp233.com
234,TerraWear 234,CAN,https://www.terrawear234.com
235,LuxCorp 235,JPN,https://www.luxcorp235.com
236,InfinityGear 236,JPN,https://www.infinitygear236.com
237,VertexGear 237,DEU,https://www.vertexgear237.com
238,EchoLabs 238,ESP,https://www.echolabs238.com
239,QuantumLabs 239,USA,https://www.quantumlabs239.com
240,AeroTech 240,FRA,https://www.aerotech240.com
241,VertexCorp 241,JPN,https://www.vertexcorp241.com
242,LuxTech 242,ESP,https://www.luxtech242.com
243,TerraGear 243,ESP,https://www.terragear243.com
244,AeroDesigns 244,FRA,https://www.aerodesigns244.com
245,QuantumTech 245,ITA,https://www.quantumtech245.com
246,VertexLabs 246,ITA,https://www.vertexlabs246.com
247,QuantumWear 247,CAN,https://www.quantumwear247.com
248,InfinityCorp 248,USA,https://www.infinitycorp248.com
249,NovaCorp 249,ITA,https://www.novacorp249.com
250,NovaLabs 250,ESP,https://www.novalabs250.com
251,LuxDesigns 251,ITA,https://www.luxdesigns251.com
252,ApexGear 252,JPN,https://www.apexgear252.com
253,EchoGear 253,ESP,https://www.echogear253.com
254,VertexGoods 254,AUS,https://www.vertexgoods254.com
255,EchoLabs 255,DEU,https://www.echolabs255.com
256,AeroIndustries 256,USA,https://www.aeroindustries256.com
257,SummitLabs 257,FRA,https://www.summitlabs257.com
258,ApexGear 258,ESP,https://www.apexgear258.com
259,ApexWear 259,FRA,https://www.apexwear259.com
260,InfinityLabs 260,ESP,https://www.infinitylabs260.com
261,TerraTech 261,KOR,https://www.terratech261.com
262,InfinityCorp 262,CAN,https://www.infinitycorp262.com
263,LuxCorp 263,FRA,https://www.luxcorp263.com
264,TerraGoods 264,AUS,https://www.terragoods264.com
265,AeroIndustries 265,ITA,https://www.aeroindustries265.com
266,LuxDesigns 266,FRA,https://www.luxdesigns266.com
267,TerraIndustries 267,GBR,https://www.terraindustries267.com
268,AeroIndustries 268,JPN,https://www.aeroindustries268.com
269,QuantumLabs 269,KOR,https://www.quantumlabs269.com
270,LuxDesigns 270,CAN,https://www.luxdesigns270.com
271,VertexIndustries 271,ESP,https://www.vertexindustries271.com
272,LuxGoods 272,AUS,https://www.luxgoods272.com
273,EchoIndustries 273,FRA,https://www.echoindustries273.com
274,LuxCorp 274,ESP,https://www.luxcorp274.com
275,VertexGoods 275,DEU,https://www.vertexgoods275.com
276,AeroGoods 276,GBR,https://www.aerogoods276.com
277,VertexGoods 277,ESP,https://www.vertexgoods277.com
278,LuxStyles 278,JPN,https://www.luxstyles278.com
279,AeroStyles 279,KOR,https://www.aerostyles279.com
280,NovaStyles 280,AUS,https://www.novastyles280.com
281,SummitCorp 281,GBR,https://www.summitcorp281.com
282,LuxStyles 282,AUS,https://www.luxstyles282.com
283,InfinityDesigns 283,GBR,https://www.infinitydesigns283.com
284,VertexIndustries 284,CAN,https://www.vertexindustries284.com
285,ApexTech 285,KOR,https://www.apextech285.com
286,EchoIndustries 286,AUS,https://www.echoindustries286.com
287,AeroGoods 287,DEU,https://www.aerogoods287.com
288,QuantumTech 288,AUS,https://www.quantumtech288.com
289,EchoGear 289,CAN,https://www.echogear289.com
290,LuxWear 290,JPN,https://www.luxwear290.com
291,TerraGear 291,ESP,https://www.terragear291.com
292,LuxLabs 292,DEU,https://www.luxlabs292.com
293,TerraGear 293,USA,https://www.terragear293.com
294,QuantumDesigns 294,ESP,https://www.quantumdesigns294.com
295,SummitIndustries 295,CAN,https://www.summitindustries295.com
296,InfinityDesigns 296,ITA,https://www.infinitydesigns296.com
297,TerraStyles 297,DEU,https://www.terrastyles297.com
298,SummitWear 298,ITA,https://www.summitwear298.com
299,TerraTech 299,FRA,https://www.terratech299.com
300,VertexGoods 300,FRA,https://www.vertexgoods300.com
301,QuantumTech 301,ITA,https://www.quantumtech301.com
302,TerraIndustries 302,ESP,https://www.terraindustries302.com
303,AeroLabs 303,DEU,https://www.aerolabs303.com
304,InfinityGear 304,AUS,https://www.infinitygear304.com
305,AeroDesigns 305,ITA,https://www.aerodesigns305.com
306,QuantumLabs 306,ITA,https://www.quantumlabs306.com
307,LuxStyles 307,AUS,https://www.luxstyles307.com
308,EchoIndustries 308,ITA,https://www.echoindustries308.com
309,SummitStyles 309,USA,https://www.summitstyles309.com
310,LuxGear 310,ITA,https://www.luxgear310.com
311,SummitGoods 311,AUS,https://www.summitgoods311.com
312,QuantumGear 312,DEU,https://www.quantumgear312.com
313,QuantumGoods 313,DEU,https://www.quantumgoods313.com
314,NovaLabs 314,CAN,https://www.novalabs314.com
315,ApexWear 315,GBR,https://www.apexwear315.com
316,AeroIndustries 316,DEU,https://www.aeroindustries316.com
317,ApexLabs 317,JPN,https://www.apexlabs317.com
318,ApexDesigns 318,CAN,https://www.apexdesigns318.com
319,LuxLabs 319,AUS,https://www.luxlabs319.com
320,ApexTech 320,AUS,https://www.apextech320.com
321,SummitLabs 321,USA,https://www.summitlabs321.com
322,AeroTech 322,ITA,https://www.aerotech322.com
323,SummitWear 323,FRA,https://www.summitwear323.com
324,EchoGoods 324,FRA,https://www.echogoods324.com
325,VertexGear 325,FRA,https://www.vertexgear325.com
326,EchoLabs 326,DEU,https://www.echolabs326.com
327,LuxStyles 327,AUS,https://www.luxstyles327.com
328,LuxStyles 328,KOR,https://www.luxstyles328.com
329,InfinityTech 329,GBR,https://www.infinitytech329.com
330,LuxIndustries 330,AUS,https://www.luxindustries330.com
331,TerraIndustries 331,ESP,https://www.terraindustries331.com
332,LuxTech 332,JPN,https://www.luxtech332.com
333,EchoCorp 333,ESP,https://www.echocorp333.com
334,InfinityLabs 334,AUS,https://www.infinitylabs334.com
335,ApexWear 335,ITA,https://www.apexwear335.com
336,TerraStyles 336,FRA,https://www.terrastyles336.com
337,NovaLabs 337,CAN,https://www.novalabs337.com
338,LuxIndustries 338,KOR,https://www.luxindustries338.com
339,AeroWear 339,GBR,https://www.aerowear339.com
340,EchoWear 340,ITA,https://www.echowear340.com
341,VertexGear 341,USA,https://www.vertexgear341.com
342,AeroTech 342,DEU,https://www.aerotech342.com
343,InfinityDesigns 343,FRA,https://www.infinitydesigns343.com
344,VertexTech 344,FRA,https://www.vertextech344.com
345,QuantumWear 345,KOR,https://www.quantumwear345.com
346,LuxGoods 346,JPN,https://www.luxgoods346.com
347,InfinityWear 347,KOR,https://www.infinitywear347.com
348,VertexGear 348,ESP,https://www.vertexgear348.com
349,QuantumGoods 349,KOR,https://www.quantumgoods349.com
350,QuantumIndustries 350,CAN,https://www.quantumindustries350.com
351,LuxWear 351,USA,https://www.luxwear351.com
352,VertexTech 352,FRA,https://www.vertextech352.com
353,NovaLabs 353,DEU,https://www.novalabs353.com
354,InfinityTech 354,DEU,https://www.infinitytech354.com
355,LuxStyles 355,ESP,https://www.luxstyles355.com
356,AeroLabs 356,FRA,https://www.aerolabs356.com
357,AeroDesigns 357,FRA,https://www.aerodesigns357.com
358,SummitStyles 358,JPN,https://www.summitstyles358.com
359,NovaCorp 359,DEU,https://www.novacorp359.com
360,EchoGoods 360,CAN,https://www.echogoods360.com
361,EchoLabs 361,KOR,https://www.echolabs361.com
362,InfinityTech 362,AUS,https://www.infinitytech362.com
363,VertexLabs 363,KOR,https://www.vertexlabs363.com
364,ApexIndustries 364,ESP,https://www.apexindustries364.com
365,TerraLabs 365,USA,https://www.terralabs365.com
366,EchoGear 366,ITA,https://www.echogear366.com
367,QuantumDesigns 367,CAN,https://www.quantumdesigns367.com
368,SummitCorp 368,ESP,https://www.summitcorp368.com
369,LuxIndustries 369,KOR,https://www.luxindustries369.com
370,NovaIndustries 370,ITA,https://www.novaindustries370.com
371,AeroGoods 371,AUS,https://www.aerogoods371.com
372,InfinityStyles 372,CAN,https://www.infinitystyles372.com
373,SummitIndustries 373,ESP,https://www.summitindustries373.com
374,InfinityWear 374,USA,https://www.infinitywear374.com
375,SummitTech 375,ESP,https://www.summittech375.com
376,TerraGoods 376,DEU,https://www.terragoods376.com
377,NovaDesigns 377,DEU,https://www.novadesigns377.com
378,VertexLabs 378,GBR,https://www.vertexlabs378.com
379,EchoGear 379,ESP,https://www.echogear379.com
380,NovaLabs 380,FRA,https://www.novalabs380.com
381,VertexCorp 381,GBR,https://www.vertexcorp381.com
382,EchoWear 382,JPN,https://www.echowear382.com
383,ApexTech 383,DEU,https://www.apextech383.com
384,LuxTech 384,ITA,https://www.luxtech384.com
385,QuantumLabs 385,AUS,https://www.quantumlabs385.com
386,NovaStyles 386,CAN,https://www.novastyles386.com
387,LuxGear 387,DEU,https://www.luxgear387.com
388,InfinityGear 388,KOR,https://www.infinitygear388.com
389,SummitStyles 389,DEU,https://www.summitstyles389.com
390,VertexCorp 390,AUS,https://www.vertexcorp390.com
391,AeroGoods 391,ESP,https://www.aerogoods391.com
392,NovaStyles 392,AUS,https://www.novastyles392.com
393,LuxGear 393,KOR,https://www.luxgear393.com
394,SummitIndustries 394,CAN,https://www.summitindustries394.com
395,LuxStyles 395,GBR,https://www.luxstyles395.com
396,ApexTech 396,KOR,https://www.apextech396.com
397,EchoWear 397,DEU,https://www.echowear397.com
398,SummitWear 398,JPN,https://www.summitwear398.com
399,VertexGoods 399,USA,https://www.vertexgoods399.com
400,SummitStyles 400,USA,https://www.summitstyles400.com
401,AeroTech 401,JPN,https://www.aerotech401.com
402,AeroDesigns 402,FRA,https://www.aerodesigns402.com
403,AeroIndustries 403,JPN,https://www.aeroindustries403.com
404,ApexDesigns 404,JPN,https://www.apexdesigns404.com
405,EchoGear 405,FRA,https://www.echogear405.com
406,LuxDesigns 406,GBR,https://www.luxdesigns406.com
407,ApexIndustries 407,CAN,https://www.apexindustries407.com
408,InfinityTech 408,CAN,https://www.infinitytech408.com
409,VertexStyles 409,CAN,https://www.vertexstyles409.com
410,ApexLabs 410,USA,https://www.apexlabs410.com
411,AeroLabs 411,JPN,https://www.aerolabs411.com
412,InfinityStyles 412,FRA,https://www.infinitystyles412.com
413,SummitGear 413,FRA,https://www.summitgear413.com
414,SummitWear 414,GBR,https://www.summitwear414.com
415,QuantumCorp 415,FRA,https://www.quantumcorp415.com
416,AeroTech 416,ITA,https://www.aerotech416.com
417,TerraDesigns 417,ESP,https://www.terradesigns417.com
418,SummitStyles 418,AUS,https://www.summitstyles418.com
419,EchoDesigns 419,FRA,https://www.echodesigns419.com
420,TerraGoods 420,ESP,https://www.terragoods420.com
421,EchoGear 421,ITA,https://www.echogear421.com
422,NovaWear 422,KOR,https://www.novawear422.com
423,QuantumStyles 423,USA,https://www.quantumstyles423.com
424,SummitGoods 424,ESP,https://www.summitgoods424.com
425,InfinityDesigns 425,GBR,https://www.infinitydesigns425.com
426,VertexDesigns 426,DEU,https://www.vertexdesigns426.com
427,ApexCorp 427,JPN,https://www.apexcorp427.com
428,AeroWear 428,AUS,https://www.aerowear428.com
429,EchoTech 429,ESP,https://www.echotech429.com
430,VertexStyles 430,GBR,https://www.vertexstyles430.com
431,SummitGoods 431,USA,https://www.summitgoods431.com
432,SummitIndustries 432,USA,https://www.summitindustries432.com
433,NovaGoods 433,FRA,https://www.novagoods433.com
434,EchoCorp 434,CAN,https://www.echocorp434.com
435,VertexStyles 435,FRA,https://www.vertexstyles435.com
436,AeroGear 436,FRA,https://www.aerogear436.com
437,QuantumDesigns 437,GBR,https://www.quantumdesigns437.com
438,NovaGoods 438,DEU,https://www.novagoods438.com
439,EchoLabs 439,JPN,https://www.echolabs439.com
440,VertexLabs 440,GBR,https://www.vertexlabs440.com
441,EchoLabs 441,ESP,https://www.echolabs441.com
442,NovaLabs 442,GBR,https://www.novalabs442.com
443,AeroIndustries 443,FRA,https://www.aeroindustries443.com
444,TerraIndustries 444,ESP,https://www.terraindustries444.com
445,TerraStyles 445,GBR,https://www.terrastyles445.com
446,AeroGoods 446,ITA,https://www.aerogoods446.com
447,NovaCorp 447,KOR,https://www.novacorp447.com
448,NovaDesigns 448,DEU,https://www.novadesigns448.com
449,EchoIndustries 449,USA,https://www.echoindustries449.com
450,LuxDesigns 450,JPN,https://www.luxdesigns450.com
451,NovaGoods 451,DEU,https://www.novagoods451.com
452,NovaGoods 452,ESP,https://www.novagoods452.com
453,EchoGear 453,FRA,https://www.echogear453.com
454,InfinityDesigns 454,CAN,https://www.infinitydesigns454.com
455,LuxGoods 455,ITA,https://www.luxgoods455.com
456,LuxDesigns 456,DEU,https://www.luxdesigns456.com
457,ApexWear 457,GBR,https://www.apexwear457.com
458,NovaCorp 458,JPN,https://www.novacorp458.com
459,SummitIndustries 459,GBR,https://www.summitindustries459.com
460,ApexTech 460,CAN,https://www.apextech460.com
461,LuxGoods 461,AUS,https://www.luxgoods461.com
462,TerraTech 462,ESP,https://www.terratech462.com
463,VertexGear 463,DEU,https://www.vertexgear463.com
464,VertexWear 464,FRA,https://www.vertexwear464.com
465,NovaGoods 465,USA,https://www.novagoods465.com
466,TerraStyles 466,JPN,https://www.terrastyles466.com
467,NovaGear 467,FRA,https://www.novagear467.com
468,VertexGoods 468,DEU,https://www.vertexgoods468.com
469,TerraGear 469,USA,https://www.terragear469.com
470,AeroGoods 470,ITA,https://www.aerogoods470.com
471,AeroWear 471,KOR,https://www.aerowear471.com
472,LuxWear 472,KOR,https://www.luxwear472.com
473,VertexTech 473,FRA,https://www.vertextech473.com
474,VertexCorp 474,KOR,https://www.vertexcorp474.com
475,SummitGear 475,ESP,https://www.summitgear475.com
476,InfinityDesigns 476,FRA,https://www.infinitydesigns476.com
477,SummitWear 477,AUS,https://www.summitwear477.com
478,LuxGear 478,GBR,https://www.luxgear478.com
479,InfinityTech 479,GBR,https://www.infinitytech479.com
480,AeroWear 480,FRA,https://www.aerowear480.com
481,InfinityGoods 481,DEU,https://www.infinitygoods481.com
482,VertexTech 482,KOR,https://www.vertextech482.com
483,VertexCorp 483,ITA,https://www.vertexcorp483.com
484,InfinityStyles 484,FRA,https://www.infinitystyles484.com
485,VertexGear 485,GBR,https://www.vertexgear485.com
486,TerraWear 486,DEU,https://www.terrawear486.com
487,NovaGear 487,DEU,https://www.novagear487.com
488,EchoLabs 488,ESP,https://www.echolabs488.com
489,ApexGoods 489,ESP,https://www.apexgoods489.com
490,NovaCorp 490,DEU,https://www.novacorp490.com
491,ApexLabs 491,ITA,https://www.apexlabs491.com
492,AeroDesigns 492,JPN,https://www.aerodesigns492.com
493,EchoTech 493,ESP,https://www.echotech493.com
494,LuxDesigns 494,CAN,https://www.luxdesigns494.com
495,VertexCorp 495,FRA,https://www.vertexcorp495.com
496,AeroLabs 496,CAN,https://www.aerolabs496.com
497,NovaWear 497,ESP,https://www.novawear497.com
498,ApexCorp 498,ITA,https://www.apexcorp498.com
499,EchoDesigns 499,DEU,https://www.echodesigns499.com
500,TerraDesigns 500,KOR,https://www.terradesigns500.com
501,ApexDesigns 501,USA,https://www.apexdesigns501.com
502,SummitTech 502,JPN,https://www.summittech502.com
503,LuxGoods 503,AUS,https://www.luxgoods503.com
504,LuxStyles 504,ITA,https://www.luxstyles504.com
505,EchoWear 505,KOR,https://www.echowear505.com
506,TerraGear 506,GBR,https://www.terragear506.com
507,SummitDesigns 507,USA,https://www.summitdesigns507.com
508,NovaStyles 508,CAN,https://www.novastyles508.com
509,ApexGoods 509,USA,https://www.apexgoods509.com
510,ApexGoods 510,AUS,https://www.apexgoods510.com
511,QuantumIndustries 511,JPN,https://www.quantumindustries511.com
512,NovaGoods 512,USA,https://www.novagoods512.com
513,EchoLabs 513,GBR,https://www.echolabs513.com
514,QuantumCorp 514,GBR,https://www.quantumcorp514.com
515,AeroStyles 515,AUS,https://www.aerostyles515.com
516,TerraTech 516,ITA,https://www.terratech516.com
517,TerraGear 517,JPN,https://www.terragear517.com
518,NovaIndustries 518,AUS,https://www.novaindustries518.com
519,SummitDesigns 519,AUS,https://www.summitdesigns519.com
520,NovaGear 520,JPN,https://www.novagear520.com
521,EchoLabs 521,AUS,https://www.echolabs521.com
522,SummitStyles 522,AUS,https://www.summitstyles522.com
523,TerraGear 523,USA,https://www.terragear523.com
524,AeroTech 524,CAN,https://www.aerotech524.com
525,TerraIndustries 525,ITA,https://www.terraindustries525.com
526,VertexWear 526,JPN,https://www.vertexwear526.com
527,TerraGear 527,CAN,https://www.terragear527.com
528,TerraTech 528,AUS,https://www.terratech528.com
529,NovaCorp 529,ITA,https://www.novacorp529.com
530,QuantumGoods 530,KOR,https://www.quantumgoods530.com
531,AeroStyles 531,CAN,https://www.aerostyles531.com
532,QuantumGoods 532,KOR,https://www.quantumgoods532.com
533,SummitDesigns 533,FRA,https://www.summitdesigns533.com
534,AeroDesigns 534,JPN,https://www.aerodesigns534.com
535,AeroGear 535,USA,https://www.aerogear535.com
536,AeroTech 536,ITA,https://www.aerotech536.com
537,AeroTech 537,USA,https://www.aerotech537.com
538,SummitWear 538,KOR,https://www.summitwear538.com
539,VertexLabs 539,GBR,https://www.vertexlabs539.com
540,EchoWear 540,KOR,https://www.echowear540.com
541,QuantumTech 541,ITA,https://www.quantumtech541.com
542,AeroIndustries 542,ITA,https://www.aeroindustries542.com
543,TerraCorp 543,KOR,https://www.terracorp543.com
544,VertexDesigns 544,USA,https://www.vertexdesigns544.com
545,AeroGear 545,JPN,https://www.aerogear545.com
546,InfinityLabs 546,GBR,https://www.infinitylabs546.com
547,QuantumCorp 547,DEU,https://www.quantumcorp547.com
548,ApexTech 548,GBR,https://www.apextech548.com
549,QuantumTech 549,GBR,https://www.quantumtech549.com
550,QuantumStyles 550,ITA,https://www.quantumstyles550.com
551,AeroStyles 551,DEU,https://www.aerostyles551.com
552,TerraGoods 552,ESP,https://www.terragoods552.com
553,LuxIndustries 553,KOR,https://www.luxindustries553.com
554,InfinityStyles 554,JPN,https://www.infinitystyles554.com
555,ApexGear 555,DEU,https://www.apexgear555.com
556,AeroTech 556,ESP,https://www.aerotech556.com
557,SummitStyles 557,JPN,https://www.summitstyles557.com
558,TerraGoods 558,GBR,https://www.terragoods558.com
559,EchoGoods 559,DEU,https://www.echogoods559.com
560,VertexStyles 560,ITA,https://www.vertexstyles560.com
561,SummitIndustries 561,GBR,https://www.summitindustries561.com
562,ApexGoods 562,KOR,https://www.apexgoods562.com
563,SummitLabs 563,KOR,https://www.summitlabs563.com
564,ApexIndustries 564,DEU,https://www.apexindustries564.com
565,InfinityWear 565,DEU,https://www.infinitywear565.com
566,SummitGoods 566,ITA,https://www.summitgoods566.com
567,SummitLabs 567,GBR,https://www.summitlabs567.com
568,SummitDesigns 568,USA,https://www.summitdesigns568.com
569,LuxCorp 569,USA,https://www.luxcorp569.com
570,SummitDesigns 570,CAN,https://www.summitdesigns570.com
571,TerraIndustries 571,JPN,https://www.terraindustries571.com
572,EchoIndustries 572,CAN,https://www.echoindustries572.com
573,SummitIndustries 573,USA,https://www.summitindustries573.com
574,NovaCorp 574,JPN,https://www.novacorp574.com
575,LuxStyles 575,ESP,https://www.luxstyles575.com
576,VertexTech 576,DEU,https://www.vertextech576.com
577,TerraDesigns 577,CAN,https://www.terradesigns577.com
578,NovaLabs 578,AUS,https://www.novalabs578.com
579,ApexIndustries 579,FRA,https://www.apexindustries579.com
580,ApexGear 580,AUS,https://www.apexgear580.com
581,LuxCorp 581,GBR,https://www.luxcorp581.com
582,LuxWear 582,JPN,https://www.luxwear582.com
583,NovaLabs 583,ITA,https://www.novalabs583.com
584,EchoStyles 584,CAN,https://www.echostyles584.com
585,LuxLabs 585,USA,https://www.luxlabs585.com
586,AeroGoods 586,JPN,https://www.aerogoods586.com
587,SummitStyles 587,AUS,https://www.summitstyles587.com
588,LuxIndustries 588,FRA,https://www.luxindustries588.com
589,InfinityLabs 589,KOR,https://www.infinitylabs589.com
590,EchoDesigns 590,USA,https://www.echodesigns590.com
591,NovaWear 591,ESP,https://www.novawear591.com
592,ApexDesigns 592,USA,https://www.apexdesigns592.com
593,VertexTech 593,ESP,https://www.vertextech593.com
594,AeroTech 594,GBR,https://www.aerotech594.com
595,LuxCorp 595,ESP,https://www.luxcorp595.com
596,TerraStyles 596,AUS,https://www.terrastyles596.com
597,ApexLabs 597,KOR,https://www.apexlabs597.com
598,AeroTech 598,KOR,https://www.aerotech598.com
599,QuantumLabs 599,GBR,https://www.quantumlabs599.com
600,ApexWear 600,KOR,https://www.apexwear600.com
601,AeroTech 601,ESP,https://www.aerotech601.com
602,SummitGoods 602,ESP,https://www.summitgoods602.com
603,SummitIndustries 603,AUS,https://www.summitindustries603.com
604,TerraDesigns 604,USA,https://www.terradesigns604.com
605,EchoCorp 605,JPN,https://www.echocorp605.com
606,NovaTech 606,KOR,https://www.novatech606.com
607,VertexStyles 607,CAN,https://www.vertexstyles607.com
608,AeroWear 608,JPN,https://www.aerowear608.com
609,SummitCorp 609,ITA,https://www.summitcorp609.com
610,SummitGear 610,DEU,https://www.summitgear610.com
611,SummitCorp 611,GBR,https://www.summitcorp611.com
612,QuantumGear 612,DEU,https://www.quantumgear612.com
613,LuxDesigns 613,AUS,https://www.luxdesigns613.com
614,TerraLabs 614,KOR,https://www.terralabs614.com
615,SummitGoods 615,GBR,https://www.summitgoods615.com
616,AeroStyles 616,FRA,https://www.aerostyles616.com
617,AeroTech 617,AUS,https://www.aerotech617.com
618,LuxStyles 618,DEU,https://www.luxstyles618.com
619,LuxStyles 619,ESP,https://www.luxstyles619.com
620,AeroCorp 620,CAN,https://www.aerocorp620.com
621,LuxDesigns 621,AUS,https://www.luxdesigns621.com
622,ApexTech 622,ITA,https://www.apextech622.com
623,LuxGoods 623,ITA,https://www.luxgoods623.com
624,NovaTech 624,ESP,https://www.novatech624.com
625,ApexIndustries 625,FRA,https://www.apexindustries625.com
626,TerraGear 626,GBR,https://www.terragear626.com
627,NovaWear 627,AUS,https://www.novawear627.com
628,SummitWear 628,AUS,https://www.summitwear628.com
629,NovaDesigns 629,DEU,https://www.novadesigns629.com
630,EchoDesigns 630,AUS,https://www.echodesigns630.com
631,InfinityCorp 631,DEU,https://www.infinitycorp631.com
632,ApexGoods 632,ESP,https://www.apexgoods632.com
633,LuxGoods 633,JPN,https://www.luxgoods633.com
634,InfinityLabs 634,ITA,https://www.infinitylabs634.com
635,SummitGear 635,AUS,https://www.summitgear635.com
636,VertexStyles 636,ESP,https://www.vertexstyles636.com
637,VertexLabs 637,ESP,https://www.vertexlabs637.com
638,TerraDesigns 638,CAN,https://www.terradesigns638.com
639,QuantumWear 639,ESP,https://www.quantumwear639.com
640,VertexWear 640,DEU,https://www.vertexwear640.com
641,VertexDesigns 641,JPN,https://www.vertexdesigns641.com
642,SummitGoods 642,CAN,https://www.summitgoods642.com
643,InfinityStyles 643,ITA,https://www.infinitystyles643.com
644,LuxDesigns 644,ESP,https://www.luxdesigns644.com
645,QuantumDesigns 645,FRA,https://www.quantumdesigns645.com
646,NovaTech 646,USA,https://www.novatech646.com
647,TerraDesigns 647,USA,https://www.terradesigns647.com
648,NovaGoods 648,FRA,https://www.novagoods648.com
649,SummitGear 649,GBR,https://www.summitgear649.com
650,LuxGear 650,KOR,https://www.luxgear650.com
651,VertexDesigns 651,JPN,https://www.vertexdesigns651.com
652,InfinityTech 652,JPN,https://www.infinitytech652.com
653,InfinityDesigns 653,CAN,https://www.infinitydesigns653.com
654,ApexGoods 654,CAN,https://www.apexgoods654.com
655,TerraLabs 655,KOR,https://www.terralabs655.com
656,AeroGear 656,KOR,https://www.aerogear656.com
657,TerraTech 657,GBR,https://www.terratech657.com
658,EchoStyles 658,GBR,https://www.echostyles658.com
659,LuxStyles 659,ITA,https://www.luxstyles659.com
660,SummitGear 660,ESP,https://www.summitgear660.com
661,TerraIndustries 661,FRA,https://www.terraindustries661.com
662,AeroStyles 662,CAN,https://www.aerostyles662.com
663,NovaTech 663,FRA,https://www.novatech663.com
664,SummitGoods 664,JPN,https://www.summitgoods664.com
665,ApexIndustries 665,DEU,https://www.apexindustries665.com
666,AeroIndustries 666,KOR,https://www.aeroindustries666.com
667,AeroLabs 667,GBR,https://www.aerolabs667.com
668,ApexIndustries 668,FRA,https://www.apexindustries668.com
669,SummitLabs 669,USA,https://www.summitlabs669.com
670,SummitLabs 670,ESP,https://www.summitlabs670.com
671,EchoLabs 671,CAN,https://www.echolabs671.com
672,QuantumGoods 672,USA,https://www.quantumgoods672.com
673,InfinityGoods 673,USA,https://www.infinitygoods673.com
674,VertexTech 674,GBR,https://www.vertextech674.com
675,LuxDesigns 675,USA,https://www.luxdesigns675.com
676,TerraTech 676,CAN,https://www.terratech676.com
677,EchoGoods 677,AUS,https://www.echogoods677.com
678,EchoIndustries 678,AUS,https://www.echoindustries678.com
679,NovaCorp 679,ESP,https://www.novacorp679.com
680,NovaGear 680,USA,https://www.novagear680.com
681,InfinityStyles 681,ITA,https://www.infinitystyles681.com
682,VertexIndustries 682,FRA,https://www.vertexindustries682.com
683,EchoIndustries 683,USA,https://www.echoindustries683.com
684,EchoGear 684,ITA,https://www.echogear684.com
685,SummitWear 685,JPN,https://www.summitwear685.com
686,InfinityStyles 686,ESP,https://www.infinitystyles686.com
687,InfinityIndustries 687,FRA,https://www.infinityindustries687.com
688,VertexGoods 688,DEU,https://www.vertexgoods688.com
689,EchoDesigns 689,AUS,https://www.echodesigns689.com
690,SummitCorp 690,CAN,https://www.summitcorp690.com
691,ApexDesigns 691,GBR,https://www.apexdesigns691.com
692,ApexIndustries 692,CAN,https://www.apexindustries692.com
693,LuxWear 693,JPN,https://www.luxwear693.com
694,InfinityDesigns 694,FRA,https://www.infinitydesigns694.com
695,VertexLabs 695,CAN,https://www.vertexlabs695.com
696,ApexCorp 696,ITA,https://www.apexcorp696.com
697,ApexLabs 697,AUS,https://www.apexlabs697.com
698,SummitGear 698,AUS,https://www.summitgear698.com
699,TerraStyles 699,USA,https://www.terrastyles699.com
700,ApexIndustries 700,ITA,https://www.apexindustries700.com
701,LuxGear 701,USA,https://www.luxgear701.com
702,AeroGoods 702,AUS,https://www.aerogoods702.com
703,LuxGoods 703,AUS,https://www.luxgoods703.com
704,SummitWear 704,AUS,https://www.summitwear704.com
705,InfinityTech 705,USA,https://www.infinitytech705.com
706,AeroIndustries 706,JPN,https://www.aeroindustries706.com
707,VertexGear 707,USA,https://www.vertexgear707.com
708,QuantumTech 708,GBR,https://www.quantumtech708.com
709,VertexGear 709,DEU,https://www.vertexgear709.com
710,TerraWear 710,ITA,https://www.terrawear710.com
711,LuxGear 711,AUS,https://www.luxgear711.com
712,LuxIndustries 712,KOR,https://www.luxindustries712.com
713,ApexDesigns 713,KOR,https://www.apexdesigns713.com
714,EchoGear 714,ESP,https://www.echogear714.com
715,LuxTech 715,DEU,https://www.luxtech715.com
716,InfinityLabs 716,JPN,https://www.infinitylabs716.com
717,TerraLabs 717,KOR,https://www.terralabs717.com
718,ApexStyles 718,KOR,https://www.apexstyles718.com
719,TerraGear 719,AUS,https://www.terragear719.com
720,VertexDesigns 720,USA,https://www.vertexdesigns720.com
721,NovaDesigns 721,USA,https://www.novadesigns721.com
722,ApexWear 722,JPN,https://www.apexwear722.com
723,NovaCorp 723,ESP,https://www.novacorp723.com
724,SummitTech 724,ITA,https://www.summittech724.com
725,TerraWear 725,DEU,https://www.terrawear725.com
726,InfinityGoods 726,GBR,https://www.infinitygoods726.com
727,InfinityDesigns 727,JPN,https://www.infinitydesigns727.com
728,EchoLabs 728,JPN,https://www.echolabs728.com
729,TerraDesigns 729,ITA,https://www.terradesigns729.com
730,TerraCorp 730,USA,https://www.terracorp730.com
731,LuxWear 731,AUS,https://www.luxwear731.com
732,NovaDesigns 732,CAN,https://www.novadesigns732.com
733,LuxIndustries 733,JPN,https://www.luxindustries733.com
734,NovaDesigns 734,USA,https://www.novadesigns734.com
735,VertexTech 735,CAN,https://www.vertextech735.com
736,NovaStyles 736,CAN,https://www.novastyles736.com
737,VertexGoods 737,JPN,https://www.vertexgoods737.com
738,VertexCorp 738,CAN,https://www.vertexcorp738.com
739,TerraIndustries 739,KOR,https://www.terraindustries739.com
740,SummitGoods 740,KOR,https://www.summitgoods740.com
741,LuxWear 741,KOR,https://www.luxwear741.com
742,VertexWear 742,AUS,https://www.vertexwear742.com
743,AeroGear 743,ITA,https://www.aerogear743.com
744,TerraGear 744,DEU,https://www.terragear744.com
745,TerraStyles 745,FRA,https://www.terrastyles745.com
746,TerraLabs 746,ESP,https://www.terralabs746.com
747,QuantumGear 747,FRA,https://www.quantumgear747.com
748,VertexIndustries 748,ESP,https://www.vertexindustries748.com
749,ApexStyles 749,AUS,https://www.apexstyles749.com
750,InfinityCorp 750,CAN,https://www.infinitycorp750.com
751,InfinityGear 751,DEU,https://www.infinitygear751.com
752,TerraIndustries 752,ITA,https://www.terraindustries752.com
753,NovaCorp 753,USA,https://www.novacorp753.com
754,InfinityCorp 754,ITA,https://www.infinitycorp754.com
755,NovaStyles 755,GBR,https://www.novastyles755.com
756,LuxIndustries 756,GBR,https://www.luxindustries756.com
757,SummitGear 757,CAN,https://www.summitgear757.com
758,AeroDesigns 758,CAN,https://www.aerodesigns758.com
759,InfinityGoods 759,AUS,https://www.infinitygoods759.com
760,AeroStyles 760,FRA,https://www.aerostyles760.com
761,InfinityCorp 761,ESP,https://www.infinitycorp761.com
762,LuxIndustries 762,FRA,https://www.luxindustries762.com
763,QuantumGoods 763,AUS,https://www.quantumgoods763.com
764,ApexTech 764,AUS,https://www.apextech764.com
765,TerraGoods 765,CAN,https://www.terragoods765.com
766,LuxLabs 766,FRA,https://www.luxlabs766.com
767,InfinityGoods 767,USA,https://www.infinitygoods767.com
768,LuxIndustries 768,ITA,https://www.luxindustries768.com
769,AeroLabs 769,KOR,https://www.aerolabs769.com
770,SummitDesigns 770,GBR,https://www.summitdesigns770.com
771,VertexStyles 771,JPN,https://www.vertexstyles771.com
772,InfinityIndustries 772,ESP,https://www.infinityindustries772.com
773,TerraCorp 773,ITA,https://www.terracorp773.com
774,NovaDesigns 774,ITA,https://www.novadesigns774.com
775,InfinityCorp 775,AUS,https://www.infinitycorp775.com
776,AeroLabs 776,CAN,https://www.aerolabs776.com
777,VertexGear 777,FRA,https://www.vertexgear777.com
778,VertexGear 778,JPN,https://www.vertexgear778.com
779,EchoStyles 779,AUS,https://www.echostyles779.com
780,TerraTech 780,JPN,https://www.terratech780.com
781,SummitIndustries 781,JPN,https://www.summitindustries781.com
782,QuantumCorp 782,CAN,https://www.quantumcorp782.com
783,SummitGear 783,KOR,https://www.summitgear783.com
784,EchoGear 784,GBR,https://www.echogear784.com
785,QuantumLabs 785,KOR,https://www.quantumlabs785.com
786,InfinityGoods 786,ESP,https://www.infinitygoods786.com
787,InfinityWear 787,GBR,https://www.infinitywear787.com
788,TerraLabs 788,USA,https://www.terralabs788.com
789,VertexGoods 789,GBR,https://www.vertexgoods789.com
790,NovaCorp 790,AUS,https://www.novacorp790.com
791,NovaTech 791,GBR,https://www.novatech791.com
792,TerraIndustries 792,ITA,https://www.terraindustries792.com
793,AeroGear 793,CAN,https://www.aerogear793.com
794,InfinityIndustries 794,AUS,https://www.infinityindustries794.com
795,VertexStyles 795,ESP,https://www.vertexstyles795.com
796,EchoIndustries 796,DEU,https://www.echoindustries796.com
797,AeroWear 797,USA,https://www.aerowear797.com
798,InfinityGear 798,KOR,https://www.infinitygear798.com
799,InfinityCorp 799,USA,https://www.infinitycorp799.com
800,SummitWear 800,KOR,https://www.summitwear800.com
801,AeroGear 801,ITA,https://www.aerogear801.com
802,NovaGear 802,CAN,https://www.novagear802.com
803,ApexWear 803,CAN,https://www.apexwear803.com
804,VertexTech 804,KOR,https://www.vertextech804.com
805,TerraIndustries 805,USA,https://www.terraindustries805.com
806,NovaTech 806,FRA,https://www.novatech806.com
807,InfinityTech 807,ESP,https://www.infinitytech807.com
808,ApexLabs 808,KOR,https://www.apexlabs808.com
809,TerraWear 809,FRA,https://www.terrawear809.com
810,EchoCorp 810,ITA,https://www.echocorp810.com
811,EchoLabs 811,GBR,https://www.echolabs811.com
812,LuxDesigns 812,GBR,https://www.luxdesigns812.com
813,SummitGear 813,FRA,https://www.summitgear813.com
814,AeroStyles 814,JPN,https://www.aerostyles814.com
815,QuantumDesigns 815,GBR,https://www.quantumdesigns815.com
816,AeroWear 816,ITA,https://www.aerowear816.com
817,SummitLabs 817,FRA,https://www.summitlabs817.com
818,SummitStyles 818,JPN,https://www.summitstyles818.com
819,TerraDesigns 819,JPN,https://www.terradesigns819.com
820,LuxDesigns 820,JPN,https://www.luxdesigns820.com
821,LuxGoods 821,CAN,https://www.luxgoods821.com
822,SummitCorp 822,ITA,https://www.summitcorp822.com
823,SummitGoods 823,USA,https://www.summitgoods823.com
824,AeroGear 824,USA,https://www.aerogear824.com
825,ApexWear 825,KOR,https://www.apexwear825.com
826,NovaWear 826,GBR,https://www.novawear826.com
827,VertexWear 827,JPN,https://www.vertexwear827.com
828,NovaWear 828,USA,https://www.novawear828.com
829,SummitWear 829,ESP,https://www.summitwear829.com
830,AeroDesigns 830,KOR,https://www.aerodesigns830.com
831,ApexGear 831,USA,https://www.apexgear831.com
832,AeroIndustries 832,AUS,https://www.aeroindustries832.com
833,InfinityLabs 833,AUS,https://www.infinitylabs833.com
834,NovaCorp 834,USA,https://www.novacorp834.com
835,EchoIndustries 835,ESP,https://www.echoindustries835.com
836,EchoDesigns 836,JPN,https://www.echodesigns836.com
837,InfinityGoods 837,ESP,https://www.infinitygoods837.com
838,QuantumLabs 838,USA,https://www.quantumlabs838.com
839,ApexTech 839,AUS,https://www.apextech839.com
840,AeroIndustries 840,KOR,https://www.aeroindustries840.com
841,QuantumDesigns 841,ITA,https://www.quantumdesigns841.com
842,AeroIndustries 842,ESP,https://www.aeroindustries842.com
843,InfinityDesigns 843,USA,https://www.infinitydesigns843.com
844,TerraTech 844,CAN,https://www.terratech844.com
845,NovaStyles 845,USA,https://www.novastyles845.com
846,QuantumLabs 846,ITA,https://www.quantumlabs846.com
847,TerraStyles 847,ESP,https://www.terrastyles847.com
848,NovaDesigns 848,USA,https://www.novadesigns848.com
849,TerraGear 849,ESP,https://www.terragear849.com
850,EchoCorp 850,FRA,https://www.echocorp850.com
851,VertexWear 851,CAN,https://www.vertexwear851.com
852,QuantumLabs 852,AUS,https://www.quantumlabs852.com
853,SummitWear 853,CAN,https://www.summitwear853.com
854,SummitGoods 854,FRA,https://www.summitgoods854.com
855,AeroStyles 855,USA,https://www.aerostyles855.com
856,AeroTech 856,JPN,https://www.aerotech856.com
857,TerraTech 857,KOR,https://www.terratech857.com
858,TerraLabs 858,JPN,https://www.terralabs858.com
859,AeroCorp 859,JPN,https://www.aerocorp859.com
860,TerraDesigns 860,CAN,https://www.terradesigns860.com
861,LuxIndustries 861,ESP,https://www.luxindustries861.com
862,AeroWear 862,AUS,https://www.aerowear862.com
863,TerraCorp 863,ITA,https://www.terracorp863.com
864,LuxGear 864,DEU,https://www.luxgear864.com
865,LuxGear 865,ITA,https://www.luxgear865.com
866,SummitDesigns 866,FRA,https://www.summitdesigns866.com
867,InfinityDesigns 867,KOR,https://www.infinitydesigns867.com
868,SummitStyles 868,GBR,https://www.summitstyles868.com
869,QuantumTech 869,FRA,https://www.quantumtech869.com
870,TerraWear 870,ESP,https://www.terrawear870.com
871,AeroTech 871,DEU,https://www.aerotech871.com
872,TerraTech 872,DEU,https://www.terratech872.com
873,EchoLabs 873,AUS,https://www.echolabs873.com
874,TerraDesigns 874,USA,https://www.terradesigns874.com
875,VertexWear 875,GBR,https://www.vertexwear875.com
876,LuxDesigns 876,ITA,https://www.luxdesigns876.com
877,NovaCorp 877,CAN,https://www.novacorp877.com
878,ApexGear 878,GBR,https://www.apexgear878.com
879,NovaTech 879,JPN,https://www.novatech879.com
880,NovaLabs 880,FRA,https://www.novalabs880.com
881,ApexWear 881,ESP,https://www.apexwear881.com
882,SummitCorp 882,FRA,https://www.summitcorp882.com
883,ApexWear 883,DEU,https://www.apexwear883.com
884,EchoGear 884,USA,https://www.echogear884.com
885,SummitTech 885,ESP,https://www.summittech885.com
886,VertexGoods 886,FRA,https://www.vertexgoods886.com
887,InfinityLabs 887,DEU,https://www.infinitylabs887.com
888,SummitIndustries 888,KOR,https://www.summitindustries888.com
889,InfinityCorp 889,ITA,https://www.infinitycorp889.com
890,NovaWear 890,ITA,https://www.novawear890.com
891,InfinityGear 891,AUS,https://www.infinitygear891.com
892,ApexDesigns 892,USA,https://www.apexdesigns892.com
893,EchoWear 893,KOR,https://www.echowear893.com
894,ApexWear 894,DEU,https://www.apexwear894.com
895,VertexLabs 895,CAN,https://www.vertexlabs895.com
896,AeroStyles 896,KOR,https://www.aerostyles896.com
897,EchoStyles 897,DEU,https://www.echostyles897.com
898,VertexTech 898,DEU,https://www.vertextech898.com
899,EchoStyles 899,CAN,https://www.echostyles899.com
900,VertexGear 900,AUS,https://www.vertexgear900.com
901,EchoStyles 901,ESP,https://www.echostyles901.com
902,EchoStyles 902,KOR,https://www.echostyles902.com
903,LuxTech 903,DEU,https://www.luxtech903.com
904,NovaWear 904,ESP,https://www.novawear904.com
905,ApexWear 905,FRA,https://www.apexwear905.com
906,QuantumWear 906,AUS,https://www.quantumwear906.com
907,LuxDesigns 907,DEU,https://www.luxdesigns907.com
908,ApexDesigns 908,CAN,https://www.apexdesigns908.com
909,ApexWear 909,DEU,https://www.apexwear909.com
910,InfinityTech 910,ITA,https://www.infinitytech910.com
911,AeroTech 911,ESP,https://www.aerotech911.com
912,TerraCorp 912,KOR,https://www.terracorp912.com
913,AeroWear 913,ESP,https://www.aerowear913.com
914,LuxTech 914,GBR,https://www.luxtech914.com
915,QuantumGoods 915,DEU,https://www.quantumgoods915.com
916,NovaLabs 916,KOR,https://www.novalabs916.com
917,AeroIndustries 917,FRA,https://www.aeroindustries917.com
918,VertexWear 918,ESP,https://www.vertexwear918.com
919,ApexIndustries 919,DEU,https://www.apexindustries919.com
920,QuantumCorp 920,USA,https://www.quantumcorp920.com
921,LuxStyles 921,GBR,https://www.luxstyles921.com
922,QuantumWear 922,ITA,https://www.quantumwear922.com
923,SummitDesigns 923,KOR,https://www.summitdesigns923.com
924,QuantumLabs 924,DEU,https://www.quantumlabs924.com
925,SummitLabs 925,USA,https://www.summitlabs925.com
926,AeroStyles 926,ESP,https://www.aerostyles926.com
927,NovaIndustries 927,FRA,https://www.novaindustries927.com
928,InfinityLabs 928,CAN,https://www.infinitylabs928.com
929,InfinityGoods 929,DEU,https://www.infinitygoods929.com
930,VertexCorp 930,ITA,https://www.vertexcorp930.com
931,SummitStyles 931,AUS,https://www.summitstyles931.com
932,LuxGear 932,CAN,https://www.luxgear932.com
933,SummitGear 933,CAN,https://www.summitgear933.com
934,LuxStyles 934,GBR,https://www.luxstyles934.com
935,EchoDesigns 935,JPN,https://www.echodesigns935.com
936,EchoLabs 936,ESP,https://www.echolabs936.com
937,LuxGoods 937,ITA,https://www.luxgoods937.com
938,LuxLabs 938,JPN,https://www.luxlabs938.com
939,InfinityCorp 939,USA,https://www.infinitycorp939.com
940,AeroWear 940,FRA,https://www.aerowear940.com
941,TerraStyles 941,CAN,https://www.terrastyles941.com
942,SummitWear 942,FRA,https://www.summitwear942.com
943,InfinityIndustries 943,DEU,https://www.infinityindustries943.com
944,NovaWear 944,ITA,https://www.novawear944.com
945,EchoStyles 945,AUS,https://www.echostyles945.com
946,LuxGear 946,AUS,https://www.luxgear946.com
947,AeroLabs 947,AUS,https://www.aerolabs947.com
948,ApexTech 948,ITA,https://www.apextech948.com
949,ApexGoods 949,CAN,https://www.apexgoods949.com
950,VertexGear 950,ESP,https://www.vertexgear950.com
951,QuantumGear 951,CAN,https://www.quantumgear951.com
952,InfinityStyles 952,KOR,https://www.infinitystyles952.com
953,InfinityGoods 953,CAN,https://www.infinitygoods953.com
954,VertexCorp 954,ITA,https://www.vertexcorp954.com
955,InfinityGear 955,AUS,https://www.infinitygear955.com
956,InfinityGoods 956,GBR,https://www.infinitygoods956.com
957,NovaLabs 957,JPN,https://www.novalabs957.com
958,VertexLabs 958,ESP,https://www.vertexlabs958.com
959,ApexDesigns 959,FRA,https://www.apexdesigns959.com
960,AeroLabs 960,ITA,https://www.aerolabs960.com
961,InfinityIndustries 961,JPN,https://www.infinityindustries961.com
962,VertexDesigns 962,AUS,https://www.vertexdesigns962.com
963,ApexCorp 963,USA,https://www.apexcorp963.com
964,InfinityStyles 964,FRA,https://www.infinitystyles964.com
965,NovaLabs 965,ITA,https://www.novalabs965.com
966,NovaGoods 966,GBR,https://www.novagoods966.com
967,EchoTech 967,CAN,https://www.echotech967.com
968,NovaCorp 968,KOR,https://www.novacorp968.com
969,VertexTech 969,KOR,https://www.vertextech969.com
970,TerraGear 970,CAN,https://www.terragear970.com
971,AeroWear 971,CAN,https://www.aerowear971.com
972,LuxGoods 972,FRA,https://www.luxgoods972.com
973,InfinityGoods 973,DEU,https://www.infinitygoods973.com
974,EchoTech 974,ITA,https://www.echotech974.com
975,NovaIndustries 975,JPN,https://www.novaindustries975.com
976,InfinityWear 976,USA,https://www.infinitywear976.com
977,SummitGoods 977,AUS,https://www.summitgoods977.com
978,NovaDesigns 978,USA,https://www.novadesigns978.com
979,NovaDesigns 979,AUS,https://www.novadesigns979.com
980,SummitLabs 980,ITA,https://www.summitlabs980.com
981,LuxLabs 981,GBR,https://www.luxlabs981.com
982,TerraIndustries 982,USA,https://www.terraindustries982.com
983,VertexTech 983,CAN,https://www.vertextech983.com
984,AeroDesigns 984,DEU,https://www.aerodesigns984.com
985,ApexCorp 985,USA,https://www.apexcorp985.com
986,SummitStyles 986,DEU,https://www.summitstyles986.com
987,VertexCorp 987,FRA,https://www.vertexcorp987.com
988,ApexLabs 988,KOR,https://www.apexlabs988.com
989,SummitDesigns 989,JPN,https://www.summitdesigns989.com
990,NovaCorp 990,USA,https://www.novacorp990.com
991,EchoDesigns 991,DEU,https://www.echodesigns991.com
992,InfinityDesigns 992,JPN,https://www.infinitydesigns992.com
993,InfinityTech 993,AUS,https://www.infinitytech993.com
994,VertexGoods 994,CAN,https://www.vertexgoods994.com
995,TerraWear 995,FRA,https://www.terrawear995.com
996,SummitStyles 996,CAN,https://www.summitstyles996.com
997,AeroLabs 997,JPN,https://www.aerolabs997.com
998,ApexDesigns 998,ESP,https://www.apexdesigns998.com
999,LuxLabs 999,DEU,https://www.luxlabs999.com
1000,ApexDesigns 1000,JPN,https://www.apexdesigns1000.com
