id,name,slug
1,Travel Advanced,travel-advanced
2,Travel Trends,travel-trends
3,Finance Updates,finance-updates
4,Health Insights,health-insights
5,Business News,business-news
6,Design Trends,design-trends
7,DevOps News,devops-news
8,DevOps Guide,devops-guide
9,Science 101,science-101
10,Business 101,business-101
11,Design Guide,design-guide
12,Business Insights,business-insights
13,Design Guide 13,design-guide-13
14,Travel Insights,travel-insights
15,Education 101,education-101
16,AI News,ai-news
17,Tech Strategy,tech-strategy
18,Education Advanced,education-advanced
19,Lifestyle 101,lifestyle-101
20,Travel Advanced 20,travel-advanced-20
21,Lifestyle Trends,lifestyle-trends
22,Health Strategy,health-strategy
23,Travel Guide,travel-guide
24,Lifestyle 101 24,lifestyle-101-24
25,Science 101 25,science-101-25
26,Education Strategy,education-strategy
27,Travel Trends 27,travel-trends-27
28,Science News,science-news
29,Education Trends,education-trends
30,Cloud Advanced,cloud-advanced
31,Finance Advanced,finance-advanced
32,AI Strategy,ai-strategy
33,Health Insights 33,health-insights-33
34,AI Strategy 34,ai-strategy-34
35,Science Updates,science-updates
36,Business Trends,business-trends
37,Health Updates,health-updates
38,AI Trends,ai-trends
39,Science Tutorial,science-tutorial
40,Education Strategy 40,education-strategy-40
41,Cloud Strategy,cloud-strategy
42,Tech Advanced,tech-advanced
43,Health News,health-news
44,Science 101 44,science-101-44
45,Lifestyle News,lifestyle-news
46,Cloud Advanced 46,cloud-advanced-46
47,Business Insights 47,business-insights-47
48,Education Guide,education-guide
49,Tech Tutorial,tech-tutorial
50,DevOps Updates,devops-updates
51,Health Insights 51,health-insights-51
52,Finance News,finance-news
53,Business Guide,business-guide
54,Health Advanced,health-advanced
55,Design Insights,design-insights
56,Lifestyle News 56,lifestyle-news-56
57,Travel News,travel-news
58,Health Advanced 58,health-advanced-58
59,Education 101 59,education-101-59
60,Tech Advanced 60,tech-advanced-60
61,Business Insights 61,business-insights-61
62,AI Insights,ai-insights
63,Design 101,design-101
64,AI Trends 64,ai-trends-64
65,Cloud Tutorial,cloud-tutorial
66,Design Trends 66,design-trends-66
67,Science Advanced,science-advanced
68,Tech Advanced 68,tech-advanced-68
69,DevOps Guide 69,devops-guide-69
70,Cloud 101,cloud-101
71,Business Guide 71,business-guide-71
72,DevOps Updates 72,devops-updates-72
73,Science Tutorial 73,science-tutorial-73
74,Health Insights 74,health-insights-74
75,Health Updates 75,health-updates-75
76,Cloud Guide,cloud-guide
77,Travel Strategy,travel-strategy
78,Business Strategy,business-strategy
79,Education News,education-news
80,Cloud 101 80,cloud-101-80
81,Travel Tutorial,travel-tutorial
82,Education Guide 82,education-guide-82
83,Lifestyle News 83,lifestyle-news-83
84,Finance Guide,finance-guide
85,Business Guide 85,business-guide-85
86,Education 101 86,education-101-86
87,AI Advanced,ai-advanced
88,Design Strategy,design-strategy
89,Business 101 89,business-101-89
90,Education Guide 90,education-guide-90
91,Tech 101,tech-101
92,Travel News 92,travel-news-92
93,Health Tutorial,health-tutorial
94,Design Insights 94,design-insights-94
95,Travel Guide 95,travel-guide-95
96,Cloud Tutorial 96,cloud-tutorial-96
97,Education Tutorial,education-tutorial
98,Education News 98,education-news-98
99,Education News 99,education-news-99
100,Education Updates,education-updates
101,Cloud News,cloud-news
102,Finance Guide 102,finance-guide-102
103,Health News 103,health-news-103
104,Science News 104,science-news-104
105,Health Tutorial 105,health-tutorial-105
106,Lifestyle Advanced,lifestyle-advanced
107,Cloud Insights,cloud-insights
108,AI Insights 108,ai-insights-108
109,DevOps Updates 109,devops-updates-109
110,AI Strategy 110,ai-strategy-110
111,Business Strategy 111,business-strategy-111
112,Health News 112,health-news-112
113,Finance News 113,finance-news-113
114,Science Tutorial 114,science-tutorial-114
115,Lifestyle Tutorial,lifestyle-tutorial
116,Education Insights,education-insights
117,Cloud Updates,cloud-updates
118,Design Strategy 118,design-strategy-118
119,Travel 101,travel-101
120,Design News,design-news
121,Cloud Trends,cloud-trends
122,Business Insights 122,business-insights-122
123,Tech Strategy 123,tech-strategy-123
124,Finance Guide 124,finance-guide-124
125,Tech Advanced 125,tech-advanced-125
126,Cloud News 126,cloud-news-126
127,Travel Updates,travel-updates
128,Travel Strategy 128,travel-strategy-128
129,AI Guide,ai-guide
130,DevOps Advanced,devops-advanced
131,DevOps News 131,devops-news-131
132,Health Strategy 132,health-strategy-132
133,Travel 101 133,travel-101-133
134,Travel Advanced 134,travel-advanced-134
135,Education Guide 135,education-guide-135
136,Tech 101 136,tech-101-136
137,Science Tutorial 137,science-tutorial-137
138,Tech Advanced 138,tech-advanced-138
139,AI Strategy 139,ai-strategy-139
140,Health Updates 140,health-updates-140
141,AI Tutorial,ai-tutorial
142,Cloud 101 142,cloud-101-142
143,Health Updates 143,health-updates-143
144,Lifestyle Insights,lifestyle-insights
145,Tech Guide,tech-guide
146,Finance News 146,finance-news-146
147,Business Insights 147,business-insights-147
148,Health Updates 148,health-updates-148
149,Finance Updates 149,finance-updates-149
150,Education News 150,education-news-150
151,Lifestyle Trends 151,lifestyle-trends-151
152,Science Tutorial 152,science-tutorial-152
153,Business Insights 153,business-insights-153
154,Travel Insights 154,travel-insights-154
155,Cloud Guide 155,cloud-guide-155
156,Cloud Advanced 156,cloud-advanced-156
157,Health Guide,health-guide
158,Travel Strategy 158,travel-strategy-158
159,Health Advanced 159,health-advanced-159
160,Travel Advanced 160,travel-advanced-160
161,Science Strategy,science-strategy
162,Health Guide 162,health-guide-162
163,Business Guide 163,business-guide-163
164,Tech 101 164,tech-101-164
165,Business Advanced,business-advanced
166,Health Strategy 166,health-strategy-166
167,Health Advanced 167,health-advanced-167
168,Finance Advanced 168,finance-advanced-168
169,Design Updates,design-updates
170,Design News 170,design-news-170
171,Finance Trends,finance-trends
172,Finance News 172,finance-news-172
173,Cloud Updates 173,cloud-updates-173
174,Business Tutorial,business-tutorial
175,Tech Updates,tech-updates
176,DevOps News 176,devops-news-176
177,Education Updates 177,education-updates-177
178,Design Insights 178,design-insights-178
179,Education Trends 179,education-trends-179
180,Tech Trends,tech-trends
181,Travel News 181,travel-news-181
182,Science Guide,science-guide
183,Travel Updates 183,travel-updates-183
184,AI Updates,ai-updates
185,DevOps Advanced 185,devops-advanced-185
186,Lifestyle Insights 186,lifestyle-insights-186
187,Health Advanced 187,health-advanced-187
188,Science News 188,science-news-188
189,Business Tutorial 189,business-tutorial-189
190,Science Guide 190,science-guide-190
191,Travel Tutorial 191,travel-tutorial-191
192,Cloud Guide 192,cloud-guide-192
193,Finance Strategy,finance-strategy
194,Finance Trends 194,finance-trends-194
195,Design Trends 195,design-trends-195
196,Tech Guide 196,tech-guide-196
197,Lifestyle Guide,lifestyle-guide
198,Design Strategy 198,design-strategy-198
199,DevOps 101,devops-101
200,Business Strategy 200,business-strategy-200
201,Tech News,tech-news
202,Lifestyle 101 202,lifestyle-101-202
203,DevOps Strategy,devops-strategy
204,Health Advanced 204,health-advanced-204
205,Science Advanced 205,science-advanced-205
206,Tech Insights,tech-insights
207,Education Tutorial 207,education-tutorial-207
208,Science News 208,science-news-208
209,Business Advanced 209,business-advanced-209
210,Business 101 210,business-101-210
211,AI Updates 211,ai-updates-211
212,Cloud Advanced 212,cloud-advanced-212
213,Tech Strategy 213,tech-strategy-213
214,Design Trends 214,design-trends-214
215,Finance Insights,finance-insights
216,Science Strategy 216,science-strategy-216
217,Health News 217,health-news-217
218,Travel 101 218,travel-101-218
219,DevOps Tutorial,devops-tutorial
220,Design Updates 220,design-updates-220
221,Travel Advanced 221,travel-advanced-221
222,Design Strategy 222,design-strategy-222
223,Business Updates,business-updates
224,DevOps Guide 224,devops-guide-224
225,Travel Insights 225,travel-insights-225
226,Business Trends 226,business-trends-226
227,Tech 101 227,tech-101-227
228,AI Updates 228,ai-updates-228
229,Tech Strategy 229,tech-strategy-229
230,Finance Trends 230,finance-trends-230
231,Business Guide 231,business-guide-231
232,Finance Trends 232,finance-trends-232
233,Lifestyle Advanced 233,lifestyle-advanced-233
234,AI Updates 234,ai-updates-234
235,Tech Insights 235,tech-insights-235
236,Health Tutorial 236,health-tutorial-236
237,Cloud Insights 237,cloud-insights-237
238,Education News 238,education-news-238
239,Cloud Trends 239,cloud-trends-239
240,Tech Guide 240,tech-guide-240
241,Health Strategy 241,health-strategy-241
242,DevOps Strategy 242,devops-strategy-242
243,AI Advanced 243,ai-advanced-243
244,Lifestyle Tutorial 244,lifestyle-tutorial-244
245,Cloud Tutorial 245,cloud-tutorial-245
246,Travel Advanced 246,travel-advanced-246
247,Education Advanced 247,education-advanced-247
248,Cloud Trends 248,cloud-trends-248
249,Business Tutorial 249,business-tutorial-249
250,Health Trends,health-trends
251,Health Tutorial 251,health-tutorial-251
252,DevOps Updates 252,devops-updates-252
253,Cloud News 253,cloud-news-253
254,Lifestyle Updates,lifestyle-updates
255,Lifestyle Guide 255,lifestyle-guide-255
256,Education Tutorial 256,education-tutorial-256
257,Finance News 257,finance-news-257
258,Education Tutorial 258,education-tutorial-258
259,Design 101 259,design-101-259
260,DevOps Updates 260,devops-updates-260
261,AI Advanced 261,ai-advanced-261
262,Finance Guide 262,finance-guide-262
263,Health News 263,health-news-263
264,Tech Strategy 264,tech-strategy-264
265,Education Tutorial 265,education-tutorial-265
266,AI Trends 266,ai-trends-266
267,AI Updates 267,ai-updates-267
268,Cloud Strategy 268,cloud-strategy-268
269,Education Tutorial 269,education-tutorial-269
270,Education Trends 270,education-trends-270
271,Business Trends 271,business-trends-271
272,Science 101 272,science-101-272
273,AI Advanced 273,ai-advanced-273
274,Tech Strategy 274,tech-strategy-274
275,Health 101,health-101
276,Design 101 276,design-101-276
277,Business Tutorial 277,business-tutorial-277
278,Lifestyle Advanced 278,lifestyle-advanced-278
279,AI Strategy 279,ai-strategy-279
280,Lifestyle 101 280,lifestyle-101-280
281,Health Guide 281,health-guide-281
282,Finance Updates 282,finance-updates-282
283,Health Guide 283,health-guide-283
284,DevOps Updates 284,devops-updates-284
285,DevOps News 285,devops-news-285
286,Design Trends 286,design-trends-286
287,Tech Updates 287,tech-updates-287
288,AI Tutorial 288,ai-tutorial-288
289,Tech 101 289,tech-101-289
290,Design Insights 290,design-insights-290
291,Travel Strategy 291,travel-strategy-291
292,Design Strategy 292,design-strategy-292
293,Business News 293,business-news-293
294,Tech 101 294,tech-101-294
295,Health Advanced 295,health-advanced-295
296,Finance Trends 296,finance-trends-296
297,DevOps Insights,devops-insights
298,AI Insights 298,ai-insights-298
299,Design Updates 299,design-updates-299
300,AI Tutorial 300,ai-tutorial-300
301,DevOps Strategy 301,devops-strategy-301
302,Health Tutorial 302,health-tutorial-302
303,Cloud Guide 303,cloud-guide-303
304,Cloud Advanced 304,cloud-advanced-304
305,Cloud Strategy 305,cloud-strategy-305
306,Finance Insights 306,finance-insights-306
307,Science Strategy 307,science-strategy-307
308,Lifestyle 101 308,lifestyle-101-308
309,DevOps News 309,devops-news-309
310,Design Insights 310,design-insights-310
311,Health Trends 311,health-trends-311
312,Business News 312,business-news-312
313,Education 101 313,education-101-313
314,Cloud Strategy 314,cloud-strategy-314
315,Health 101 315,health-101-315
316,Education Tutorial 316,education-tutorial-316
317,Travel Trends 317,travel-trends-317
318,Design Updates 318,design-updates-318
319,Travel 101 319,travel-101-319
320,Finance Insights 320,finance-insights-320
321,Travel Updates 321,travel-updates-321
322,AI 101,ai-101
323,Lifestyle Guide 323,lifestyle-guide-323
324,DevOps Advanced 324,devops-advanced-324
325,Business 101 325,business-101-325
326,Travel Insights 326,travel-insights-326
327,Finance 101,finance-101
328,Finance Updates 328,finance-updates-328
329,Finance Guide 329,finance-guide-329
330,Education News 330,education-news-330
331,Lifestyle Advanced 331,lifestyle-advanced-331
332,Lifestyle Advanced 332,lifestyle-advanced-332
333,Tech Tutorial 333,tech-tutorial-333
334,Finance Updates 334,finance-updates-334
335,Cloud Strategy 335,cloud-strategy-335
336,Health Updates 336,health-updates-336
337,Design Guide 337,design-guide-337
338,Lifestyle Updates 338,lifestyle-updates-338
339,Finance News 339,finance-news-339
340,Design Updates 340,design-updates-340
341,Design 101 341,design-101-341
342,Design Trends 342,design-trends-342
343,Health Advanced 343,health-advanced-343
344,Tech Trends 344,tech-trends-344
345,Science Strategy 345,science-strategy-345
346,Lifestyle Insights 346,lifestyle-insights-346
347,DevOps Updates 347,devops-updates-347
348,Cloud Advanced 348,cloud-advanced-348
349,Tech Updates 349,tech-updates-349
350,Tech Advanced 350,tech-advanced-350
351,Lifestyle Insights 351,lifestyle-insights-351
352,Lifestyle Trends 352,lifestyle-trends-352
353,Lifestyle 101 353,lifestyle-101-353
354,Science Trends,science-trends
355,Business News 355,business-news-355
356,DevOps News 356,devops-news-356
357,Lifestyle Strategy,lifestyle-strategy
358,Finance Trends 358,finance-trends-358
359,Finance Strategy 359,finance-strategy-359
360,Cloud Strategy 360,cloud-strategy-360
361,Cloud Insights 361,cloud-insights-361
362,Science Strategy 362,science-strategy-362
363,DevOps 101 363,devops-101-363
364,Cloud 101 364,cloud-101-364
365,AI News 365,ai-news-365
366,AI Tutorial 366,ai-tutorial-366
367,Business Trends 367,business-trends-367
368,Education News 368,education-news-368
369,Education 101 369,education-101-369
370,Travel Guide 370,travel-guide-370
371,Health 101 371,health-101-371
372,Design Tutorial,design-tutorial
373,Health News 373,health-news-373
374,Lifestyle Tutorial 374,lifestyle-tutorial-374
375,Lifestyle News 375,lifestyle-news-375
376,Design Trends 376,design-trends-376
377,AI News 377,ai-news-377
378,Travel Trends 378,travel-trends-378
379,DevOps Guide 379,devops-guide-379
380,Design Updates 380,design-updates-380
381,Health Updates 381,health-updates-381
382,Tech Guide 382,tech-guide-382
383,AI Insights 383,ai-insights-383
384,Finance Advanced 384,finance-advanced-384
385,Science Tutorial 385,science-tutorial-385
386,Lifestyle Insights 386,lifestyle-insights-386
387,AI Tutorial 387,ai-tutorial-387
388,Lifestyle Updates 388,lifestyle-updates-388
389,Finance Strategy 389,finance-strategy-389
390,Design Advanced,design-advanced
391,Design Advanced 391,design-advanced-391
392,Health Updates 392,health-updates-392
393,Business Insights 393,business-insights-393
394,Finance Strategy 394,finance-strategy-394
395,Travel Insights 395,travel-insights-395
396,Education Strategy 396,education-strategy-396
397,Lifestyle Guide 397,lifestyle-guide-397
398,DevOps Advanced 398,devops-advanced-398
399,Health Advanced 399,health-advanced-399
400,Education Guide 400,education-guide-400
401,Design Strategy 401,design-strategy-401
402,Design Guide 402,design-guide-402
403,Design Tutorial 403,design-tutorial-403
404,Lifestyle Guide 404,lifestyle-guide-404
405,Education Trends 405,education-trends-405
406,Business 101 406,business-101-406
407,Education News 407,education-news-407
408,Education Guide 408,education-guide-408
409,AI Advanced 409,ai-advanced-409
410,Health Insights 410,health-insights-410
411,DevOps News 411,devops-news-411
412,DevOps 101 412,devops-101-412
413,Education Advanced 413,education-advanced-413
414,Business Guide 414,business-guide-414
415,Science 101 415,science-101-415
416,Tech Advanced 416,tech-advanced-416
417,DevOps 101 417,devops-101-417
418,Cloud Insights 418,cloud-insights-418
419,Education Advanced 419,education-advanced-419
420,Cloud Trends 420,cloud-trends-420
421,AI Guide 421,ai-guide-421
422,Cloud Advanced 422,cloud-advanced-422
423,DevOps Updates 423,devops-updates-423
424,Tech Guide 424,tech-guide-424
425,Travel Updates 425,travel-updates-425
426,AI News 426,ai-news-426
427,AI Updates 427,ai-updates-427
428,Health Updates 428,health-updates-428
429,Finance Tutorial,finance-tutorial
430,Travel Updates 430,travel-updates-430
431,Lifestyle Guide 431,lifestyle-guide-431
432,Lifestyle News 432,lifestyle-news-432
433,Finance Advanced 433,finance-advanced-433
434,Finance Tutorial 434,finance-tutorial-434
435,Tech News 435,tech-news-435
436,Science Strategy 436,science-strategy-436
437,Cloud 101 437,cloud-101-437
438,Business Trends 438,business-trends-438
439,Health Insights 439,health-insights-439
440,Design Trends 440,design-trends-440
441,Design Strategy 441,design-strategy-441
442,Business 101 442,business-101-442
443,Health Tutorial 443,health-tutorial-443
444,Cloud Strategy 444,cloud-strategy-444
445,AI Tutorial 445,ai-tutorial-445
446,Business Guide 446,business-guide-446
447,Cloud Updates 447,cloud-updates-447
448,AI Advanced 448,ai-advanced-448
449,Tech Insights 449,tech-insights-449
450,Business Tutorial 450,business-tutorial-450
451,Science Tutorial 451,science-tutorial-451
452,Education Advanced 452,education-advanced-452
453,Tech News 453,tech-news-453
454,Travel News 454,travel-news-454
455,Design Insights 455,design-insights-455
456,Travel Trends 456,travel-trends-456
457,Business Insights 457,business-insights-457
458,Education Guide 458,education-guide-458
459,Design Updates 459,design-updates-459
460,Cloud Updates 460,cloud-updates-460
461,Travel Tutorial 461,travel-tutorial-461
462,DevOps Trends,devops-trends
463,Design 101 463,design-101-463
464,Cloud Insights 464,cloud-insights-464
465,Design Guide 465,design-guide-465
466,AI Insights 466,ai-insights-466
467,DevOps News 467,devops-news-467
468,Travel Advanced 468,travel-advanced-468
469,Cloud Updates 469,cloud-updates-469
470,Business Advanced 470,business-advanced-470
471,Business Updates 471,business-updates-471
472,Health Guide 472,health-guide-472
473,Health Advanced 473,health-advanced-473
474,Design Updates 474,design-updates-474
475,Cloud News 475,cloud-news-475
476,Finance News 476,finance-news-476
477,Lifestyle News 477,lifestyle-news-477
478,Design News 478,design-news-478
479,Science Advanced 479,science-advanced-479
480,DevOps Updates 480,devops-updates-480
481,Finance Tutorial 481,finance-tutorial-481
482,DevOps Tutorial 482,devops-tutorial-482
483,Travel Advanced 483,travel-advanced-483
484,Design Strategy 484,design-strategy-484
485,Education 101 485,education-101-485
486,Business Updates 486,business-updates-486
487,AI Advanced 487,ai-advanced-487
488,Business 101 488,business-101-488
489,Business Insights 489,business-insights-489
490,Lifestyle Advanced 490,lifestyle-advanced-490
491,Science Updates 491,science-updates-491
492,Business Tutorial 492,business-tutorial-492
493,Business Tutorial 493,business-tutorial-493
494,AI Advanced 494,ai-advanced-494
495,Science Updates 495,science-updates-495
496,DevOps Updates 496,devops-updates-496
497,Lifestyle Strategy 497,lifestyle-strategy-497
498,Travel Tutorial 498,travel-tutorial-498
499,Business Advanced 499,business-advanced-499
500,Travel Advanced 500,travel-advanced-500
501,AI Tutorial 501,ai-tutorial-501
502,Finance Tutorial 502,finance-tutorial-502
503,Science Strategy 503,science-strategy-503
504,Travel News 504,travel-news-504
505,Tech Tutorial 505,tech-tutorial-505
506,Finance Strategy 506,finance-strategy-506
507,AI Strategy 507,ai-strategy-507
508,AI News 508,ai-news-508
509,Cloud Updates 509,cloud-updates-509
510,Travel Guide 510,travel-guide-510
511,Tech Updates 511,tech-updates-511
512,Lifestyle Advanced 512,lifestyle-advanced-512
513,Travel 101 513,travel-101-513
514,Education Guide 514,education-guide-514
515,Cloud News 515,cloud-news-515
516,Science Updates 516,science-updates-516
517,Tech Tutorial 517,tech-tutorial-517
518,Business Guide 518,business-guide-518
519,Lifestyle Strategy 519,lifestyle-strategy-519
520,Lifestyle Insights 520,lifestyle-insights-520
521,AI Strategy 521,ai-strategy-521
522,Design Insights 522,design-insights-522
523,Science Insights,science-insights
524,Travel Advanced 524,travel-advanced-524
525,DevOps Strategy 525,devops-strategy-525
526,Cloud Guide 526,cloud-guide-526
527,Travel Tutorial 527,travel-tutorial-527
528,Cloud Insights 528,cloud-insights-528
529,Business Tutorial 529,business-tutorial-529
530,AI Insights 530,ai-insights-530
531,Design Guide 531,design-guide-531
532,Design Advanced 532,design-advanced-532
533,Tech Strategy 533,tech-strategy-533
534,AI Tutorial 534,ai-tutorial-534
535,Health Tutorial 535,health-tutorial-535
536,Health Tutorial 536,health-tutorial-536
537,Finance Updates 537,finance-updates-537
538,Science Strategy 538,science-strategy-538
539,Science Trends 539,science-trends-539
540,Tech Strategy 540,tech-strategy-540
541,Health Guide 541,health-guide-541
542,Travel 101 542,travel-101-542
543,Travel Updates 543,travel-updates-543
544,Business 101 544,business-101-544
545,Business Tutorial 545,business-tutorial-545
546,AI Tutorial 546,ai-tutorial-546
547,Lifestyle Trends 547,lifestyle-trends-547
548,DevOps Trends 548,devops-trends-548
549,Cloud News 549,cloud-news-549
550,Lifestyle News 550,lifestyle-news-550
551,DevOps Updates 551,devops-updates-551
552,Finance Updates 552,finance-updates-552
553,Tech Guide 553,tech-guide-553
554,Cloud Updates 554,cloud-updates-554
555,DevOps Guide 555,devops-guide-555
556,Travel Updates 556,travel-updates-556
557,Cloud Strategy 557,cloud-strategy-557
558,Tech News 558,tech-news-558
559,Travel Updates 559,travel-updates-559
560,Science Advanced 560,science-advanced-560
561,Travel Advanced 561,travel-advanced-561
562,Tech Strategy 562,tech-strategy-562
563,Design Trends 563,design-trends-563
564,Business 101 564,business-101-564
565,Design News 565,design-news-565
566,Design Updates 566,design-updates-566
567,Health Strategy 567,health-strategy-567
568,Science 101 568,science-101-568
569,Travel Trends 569,travel-trends-569
570,Design Trends 570,design-trends-570
571,Tech Advanced 571,tech-advanced-571
572,AI Advanced 572,ai-advanced-572
573,AI Strategy 573,ai-strategy-573
574,Cloud 101 574,cloud-101-574
575,Travel Tutorial 575,travel-tutorial-575
576,Cloud Guide 576,cloud-guide-576
577,Science Trends 577,science-trends-577
578,Cloud Guide 578,cloud-guide-578
579,Cloud Advanced 579,cloud-advanced-579
580,Design Advanced 580,design-advanced-580
581,Science Trends 581,science-trends-581
582,Science 101 582,science-101-582
583,Lifestyle 101 583,lifestyle-101-583
584,Tech Strategy 584,tech-strategy-584
585,Business Tutorial 585,business-tutorial-585
586,Travel Updates 586,travel-updates-586
587,Education Strategy 587,education-strategy-587
588,Education Guide 588,education-guide-588
589,Finance Advanced 589,finance-advanced-589
590,AI Trends 590,ai-trends-590
591,Education 101 591,education-101-591
592,Education Advanced 592,education-advanced-592
593,Business Tutorial 593,business-tutorial-593
594,Business 101 594,business-101-594
595,Travel Updates 595,travel-updates-595
596,DevOps News 596,devops-news-596
597,Design Tutorial 597,design-tutorial-597
598,DevOps Strategy 598,devops-strategy-598
599,Design News 599,design-news-599
600,Travel Insights 600,travel-insights-600
601,Finance Insights 601,finance-insights-601
602,Finance Advanced 602,finance-advanced-602
603,Health News 603,health-news-603
604,Travel Advanced 604,travel-advanced-604
605,AI Guide 605,ai-guide-605
606,DevOps Guide 606,devops-guide-606
607,Education Insights 607,education-insights-607
608,AI Advanced 608,ai-advanced-608
609,Design Advanced 609,design-advanced-609
610,Finance Guide 610,finance-guide-610
611,Lifestyle Guide 611,lifestyle-guide-611
612,Business Tutorial 612,business-tutorial-612
613,Business Insights 613,business-insights-613
614,Travel Insights 614,travel-insights-614
615,Education Guide 615,education-guide-615
616,Business Tutorial 616,business-tutorial-616
617,Education Updates 617,education-updates-617
618,Science Insights 618,science-insights-618
619,Education Updates 619,education-updates-619
620,Health Tutorial 620,health-tutorial-620
621,Travel Trends 621,travel-trends-621
622,Design Trends 622,design-trends-622
623,Cloud 101 623,cloud-101-623
624,Cloud News 624,cloud-news-624
625,Science Trends 625,science-trends-625
626,DevOps Trends 626,devops-trends-626
627,Tech Tutorial 627,tech-tutorial-627
628,Health Trends 628,health-trends-628
629,Lifestyle 101 629,lifestyle-101-629
630,Design Guide 630,design-guide-630
631,Science Guide 631,science-guide-631
632,DevOps Updates 632,devops-updates-632
633,Health Insights 633,health-insights-633
634,Cloud Trends 634,cloud-trends-634
635,AI Trends 635,ai-trends-635
636,Design Updates 636,design-updates-636
637,Business Updates 637,business-updates-637
638,Tech Advanced 638,tech-advanced-638
639,Lifestyle 101 639,lifestyle-101-639
640,Education Tutorial 640,education-tutorial-640
641,Business Insights 641,business-insights-641
642,Travel Strategy 642,travel-strategy-642
643,AI Insights 643,ai-insights-643
644,Lifestyle Strategy 644,lifestyle-strategy-644
645,Tech Tutorial 645,tech-tutorial-645
646,Cloud 101 646,cloud-101-646
647,Education Strategy 647,education-strategy-647
648,Business Strategy 648,business-strategy-648
649,Science Updates 649,science-updates-649
650,Finance Advanced 650,finance-advanced-650
651,Business Tutorial 651,business-tutorial-651
652,Health Updates 652,health-updates-652
653,Health Tutorial 653,health-tutorial-653
654,Design Guide 654,design-guide-654
655,Design Guide 655,design-guide-655
656,Science Trends 656,science-trends-656
657,Lifestyle Strategy 657,lifestyle-strategy-657
658,Cloud Trends 658,cloud-trends-658
659,Business Guide 659,business-guide-659
660,Health Insights 660,health-insights-660
661,Business Tutorial 661,business-tutorial-661
662,Tech Tutorial 662,tech-tutorial-662
663,Education Tutorial 663,education-tutorial-663
664,Business Strategy 664,business-strategy-664
665,Education Updates 665,education-updates-665
666,Tech News 666,tech-news-666
667,DevOps Guide 667,devops-guide-667
668,Science Trends 668,science-trends-668
669,Health 101 669,health-101-669
670,Health News 670,health-news-670
671,AI 101 671,ai-101-671
672,Tech Advanced 672,tech-advanced-672
673,Tech Tutorial 673,tech-tutorial-673
674,Finance News 674,finance-news-674
675,Finance Updates 675,finance-updates-675
676,AI Strategy 676,ai-strategy-676
677,Tech Advanced 677,tech-advanced-677
678,Lifestyle Updates 678,lifestyle-updates-678
679,Health Insights 679,health-insights-679
680,Health Trends 680,health-trends-680
681,Business Advanced 681,business-advanced-681
682,Cloud 101 682,cloud-101-682
683,AI Updates 683,ai-updates-683
684,Travel Trends 684,travel-trends-684
685,Education Advanced 685,education-advanced-685
686,Health Updates 686,health-updates-686
687,Travel Updates 687,travel-updates-687
688,Education Advanced 688,education-advanced-688
689,Education Updates 689,education-updates-689
690,Design Strategy 690,design-strategy-690
691,Science Insights 691,science-insights-691
692,Design Insights 692,design-insights-692
693,Cloud Guide 693,cloud-guide-693
694,Tech Advanced 694,tech-advanced-694
695,Business Advanced 695,business-advanced-695
696,Travel Trends 696,travel-trends-696
697,Tech News 697,tech-news-697
698,AI Insights 698,ai-insights-698
699,AI Updates 699,ai-updates-699
700,Tech 101 700,tech-101-700
701,Education Insights 701,education-insights-701
702,Business Updates 702,business-updates-702
703,Finance Updates 703,finance-updates-703
704,Tech 101 704,tech-101-704
705,Lifestyle Updates 705,lifestyle-updates-705
706,Education 101 706,education-101-706
707,AI News 707,ai-news-707
708,Cloud Guide 708,cloud-guide-708
709,Travel Advanced 709,travel-advanced-709
710,Health Trends 710,health-trends-710
711,Lifestyle Insights 711,lifestyle-insights-711
712,Lifestyle Trends 712,lifestyle-trends-712
713,Science Tutorial 713,science-tutorial-713
714,Lifestyle News 714,lifestyle-news-714
715,Design News 715,design-news-715
716,AI Updates 716,ai-updates-716
717,Education Updates 717,education-updates-717
718,Science Trends 718,science-trends-718
719,Health Advanced 719,health-advanced-719
720,Tech Advanced 720,tech-advanced-720
721,DevOps Trends 721,devops-trends-721
722,Cloud Guide 722,cloud-guide-722
723,Lifestyle Tutorial 723,lifestyle-tutorial-723
724,Tech Insights 724,tech-insights-724
725,Tech Trends 725,tech-trends-725
726,Science Advanced 726,science-advanced-726
727,Tech Tutorial 727,tech-tutorial-727
728,Finance Strategy 728,finance-strategy-728
729,Education Trends 729,education-trends-729
730,AI News 730,ai-news-730
731,Tech Strategy 731,tech-strategy-731
732,Tech News 732,tech-news-732
733,Lifestyle Updates 733,lifestyle-updates-733
734,Finance Advanced 734,finance-advanced-734
735,DevOps News 735,devops-news-735
736,Science News 736,science-news-736
737,Business Guide 737,business-guide-737
738,Science 101 738,science-101-738
739,Health Trends 739,health-trends-739
740,Travel Advanced 740,travel-advanced-740
741,Finance News 741,finance-news-741
742,Lifestyle Advanced 742,lifestyle-advanced-742
743,Health News 743,health-news-743
744,Travel Insights 744,travel-insights-744
745,Design Insights 745,design-insights-745
746,Design News 746,design-news-746
747,Design Advanced 747,design-advanced-747
748,Travel 101 748,travel-101-748
749,Education News 749,education-news-749
750,DevOps Trends 750,devops-trends-750
751,Travel Tutorial 751,travel-tutorial-751
752,Tech 101 752,tech-101-752
753,Health Trends 753,health-trends-753
754,Education News 754,education-news-754
755,Science Guide 755,science-guide-755
756,Business Guide 756,business-guide-756
757,Health Trends 757,health-trends-757
758,DevOps Tutorial 758,devops-tutorial-758
759,Travel Trends 759,travel-trends-759
760,Science Insights 760,science-insights-760
761,Business Updates 761,business-updates-761
762,Health Tutorial 762,health-tutorial-762
763,Business Insights 763,business-insights-763
764,Science Tutorial 764,science-tutorial-764
765,Lifestyle News 765,lifestyle-news-765
766,Business Advanced 766,business-advanced-766
767,Science Tutorial 767,science-tutorial-767
768,Tech Tutorial 768,tech-tutorial-768
769,Science 101 769,science-101-769
770,Finance 101 770,finance-101-770
771,Design Updates 771,design-updates-771
772,Cloud Updates 772,cloud-updates-772
773,Cloud Trends 773,cloud-trends-773
774,Lifestyle News 774,lifestyle-news-774
775,Science News 775,science-news-775
776,Travel Updates 776,travel-updates-776
777,Health Advanced 777,health-advanced-777
778,Cloud Tutorial 778,cloud-tutorial-778
779,Design Insights 779,design-insights-779
780,Design Trends 780,design-trends-780
781,Travel Advanced 781,travel-advanced-781
782,DevOps Updates 782,devops-updates-782
783,Travel News 783,travel-news-783
784,Business Advanced 784,business-advanced-784
785,Science News 785,science-news-785
786,Travel News 786,travel-news-786
787,Health 101 787,health-101-787
788,Travel Insights 788,travel-insights-788
789,Lifestyle Insights 789,lifestyle-insights-789
790,Business Strategy 790,business-strategy-790
791,AI Insights 791,ai-insights-791
792,Lifestyle 101 792,lifestyle-101-792
793,Business Updates 793,business-updates-793
794,Health News 794,health-news-794
795,Tech Advanced 795,tech-advanced-795
796,Health Tutorial 796,health-tutorial-796
797,Health Updates 797,health-updates-797
798,Design 101 798,design-101-798
799,Business Strategy 799,business-strategy-799
800,AI Updates 800,ai-updates-800
801,Cloud Advanced 801,cloud-advanced-801
802,Business Trends 802,business-trends-802
803,Business Tutorial 803,business-tutorial-803
804,Business Tutorial 804,business-tutorial-804
805,AI News 805,ai-news-805
806,AI Guide 806,ai-guide-806
807,Lifestyle Tutorial 807,lifestyle-tutorial-807
808,Tech Insights 808,tech-insights-808
809,Health Tutorial 809,health-tutorial-809
810,Lifestyle News 810,lifestyle-news-810
811,Design Advanced 811,design-advanced-811
812,AI Trends 812,ai-trends-812
813,Health News 813,health-news-813
814,DevOps Updates 814,devops-updates-814
815,Health Advanced 815,health-advanced-815
816,Travel 101 816,travel-101-816
817,DevOps Insights 817,devops-insights-817
818,Finance 101 818,finance-101-818
819,Tech Updates 819,tech-updates-819
820,Health Updates 820,health-updates-820
821,AI News 821,ai-news-821
822,Business Guide 822,business-guide-822
823,Lifestyle Strategy 823,lifestyle-strategy-823
824,Tech Advanced 824,tech-advanced-824
825,Cloud Updates 825,cloud-updates-825
826,Science Advanced 826,science-advanced-826
827,Science Updates 827,science-updates-827
828,Education News 828,education-news-828
829,Tech Trends 829,tech-trends-829
830,AI Updates 830,ai-updates-830
831,Business Strategy 831,business-strategy-831
832,Cloud 101 832,cloud-101-832
833,DevOps Guide 833,devops-guide-833
834,Science Insights 834,science-insights-834
835,Design Guide 835,design-guide-835
836,Science Strategy 836,science-strategy-836
837,Lifestyle Guide 837,lifestyle-guide-837
838,Tech Insights 838,tech-insights-838
839,Science Updates 839,science-updates-839
840,Business Advanced 840,business-advanced-840
841,Business 101 841,business-101-841
842,Business Tutorial 842,business-tutorial-842
843,Design Trends 843,design-trends-843
844,Health Guide 844,health-guide-844
845,Cloud Insights 845,cloud-insights-845
846,Business Tutorial 846,business-tutorial-846
847,Science Insights 847,science-insights-847
848,Travel Guide 848,travel-guide-848
849,Business Updates 849,business-updates-849
850,Tech Strategy 850,tech-strategy-850
851,Education Advanced 851,education-advanced-851
852,Business 101 852,business-101-852
853,Cloud Updates 853,cloud-updates-853
854,Cloud Insights 854,cloud-insights-854
855,Health Guide 855,health-guide-855
856,Science Guide 856,science-guide-856
857,Design Guide 857,design-guide-857
858,AI Advanced 858,ai-advanced-858
859,Education Guide 859,education-guide-859
860,AI 101 860,ai-101-860
861,DevOps Trends 861,devops-trends-861
862,Design Updates 862,design-updates-862
863,Health Insights 863,health-insights-863
864,Travel News 864,travel-news-864
865,Travel Updates 865,travel-updates-865
866,Finance Tutorial 866,finance-tutorial-866
867,Cloud Insights 867,cloud-insights-867
868,DevOps Insights 868,devops-insights-868
869,Lifestyle Updates 869,lifestyle-updates-869
870,Business Tutorial 870,business-tutorial-870
871,Education 101 871,education-101-871
872,Health Strategy 872,health-strategy-872
873,Lifestyle Insights 873,lifestyle-insights-873
874,Science News 874,science-news-874
875,Cloud Tutorial 875,cloud-tutorial-875
876,Design Strategy 876,design-strategy-876
877,Tech Trends 877,tech-trends-877
878,Design News 878,design-news-878
879,Health 101 879,health-101-879
880,AI Strategy 880,ai-strategy-880
881,Business Strategy 881,business-strategy-881
882,Lifestyle Tutorial 882,lifestyle-tutorial-882
883,Finance News 883,finance-news-883
884,DevOps Guide 884,devops-guide-884
885,Lifestyle News 885,lifestyle-news-885
886,Health Trends 886,health-trends-886
887,Health Trends 887,health-trends-887
888,Health Updates 888,health-updates-888
889,Health Tutorial 889,health-tutorial-889
890,Finance 101 890,finance-101-890
891,DevOps Insights 891,devops-insights-891
892,Travel Trends 892,travel-trends-892
893,Education Insights 893,education-insights-893
894,Travel 101 894,travel-101-894
895,Cloud Insights 895,cloud-insights-895
896,Finance Strategy 896,finance-strategy-896
897,DevOps Strategy 897,devops-strategy-897
898,Design Guide 898,design-guide-898
899,Finance Insights 899,finance-insights-899
900,AI Guide 900,ai-guide-900
901,Tech Tutorial 901,tech-tutorial-901
902,Science Insights 902,science-insights-902
903,Design Trends 903,design-trends-903
904,Travel Insights 904,travel-insights-904
905,Design News 905,design-news-905
906,Education News 906,education-news-906
907,Science Insights 907,science-insights-907
908,AI News 908,ai-news-908
909,Education Advanced 909,education-advanced-909
910,Business News 910,business-news-910
911,Lifestyle News 911,lifestyle-news-911
912,Lifestyle Tutorial 912,lifestyle-tutorial-912
913,Business Advanced 913,business-advanced-913
914,Design Strategy 914,design-strategy-914
915,Tech Trends 915,tech-trends-915
916,Lifestyle Strategy 916,lifestyle-strategy-916
917,Finance Trends 917,finance-trends-917
918,AI Insights 918,ai-insights-918
919,Tech Advanced 919,tech-advanced-919
920,Cloud Insights 920,cloud-insights-920
921,Education 101 921,education-101-921
922,Business 101 922,business-101-922
923,Design Trends 923,design-trends-923
924,Science Advanced 924,science-advanced-924
925,Science Strategy 925,science-strategy-925
926,Business 101 926,business-101-926
927,Finance News 927,finance-news-927
928,Finance Insights 928,finance-insights-928
929,Business Tutorial 929,business-tutorial-929
930,Health Strategy 930,health-strategy-930
931,AI Trends 931,ai-trends-931
932,Health Trends 932,health-trends-932
933,Health 101 933,health-101-933
934,Cloud Insights 934,cloud-insights-934
935,Cloud Tutorial 935,cloud-tutorial-935
936,Business Tutorial 936,business-tutorial-936
937,Cloud Advanced 937,cloud-advanced-937
938,Design Guide 938,design-guide-938
939,Tech Updates 939,tech-updates-939
940,Education Strategy 940,education-strategy-940
941,Finance Advanced 941,finance-advanced-941
942,Travel Tutorial 942,travel-tutorial-942
943,Cloud Strategy 943,cloud-strategy-943
944,Travel Guide 944,travel-guide-944
945,Science Insights 945,science-insights-945
946,Finance Advanced 946,finance-advanced-946
947,Tech Updates 947,tech-updates-947
948,Cloud Tutorial 948,cloud-tutorial-948
949,Finance Insights 949,finance-insights-949
950,Tech Updates 950,tech-updates-950
951,DevOps Updates 951,devops-updates-951
952,Lifestyle Guide 952,lifestyle-guide-952
953,Science Insights 953,science-insights-953
954,Design Trends 954,design-trends-954
955,Finance News 955,finance-news-955
956,Tech Strategy 956,tech-strategy-956
957,Lifestyle Updates 957,lifestyle-updates-957
958,Education Trends 958,education-trends-958
959,Cloud Guide 959,cloud-guide-959
960,Design Strategy 960,design-strategy-960
961,Finance Tutorial 961,finance-tutorial-961
962,AI Insights 962,ai-insights-962
963,Science Tutorial 963,science-tutorial-963
964,Business News 964,business-news-964
965,Travel News 965,travel-news-965
966,Travel Strategy 966,travel-strategy-966
967,Tech Strategy 967,tech-strategy-967
968,AI News 968,ai-news-968
969,Cloud Insights 969,cloud-insights-969
970,Finance Strategy 970,finance-strategy-970
971,AI Updates 971,ai-updates-971
972,Finance Tutorial 972,finance-tutorial-972
973,Lifestyle Trends 973,lifestyle-trends-973
974,Travel 101 974,travel-101-974
975,Design Updates 975,design-updates-975
976,Science Strategy 976,science-strategy-976
977,DevOps Trends 977,devops-trends-977
978,Cloud Insights 978,cloud-insights-978
979,DevOps Updates 979,devops-updates-979
980,Finance Tutorial 980,finance-tutorial-980
981,Education Guide 981,education-guide-981
982,Education Strategy 982,education-strategy-982
983,Cloud Updates 983,cloud-updates-983
984,Travel Trends 984,travel-trends-984
985,Health Trends 985,health-trends-985
986,Business Insights 986,business-insights-986
987,AI Advanced 987,ai-advanced-987
988,AI Strategy 988,ai-strategy-988
989,Science News 989,science-news-989
990,Health Guide 990,health-guide-990
991,Lifestyle Updates 991,lifestyle-updates-991
992,Design Advanced 992,design-advanced-992
993,Education News 993,education-news-993
994,Education Strategy 994,education-strategy-994
995,Education News 995,education-news-995
996,Tech Updates 996,tech-updates-996
997,DevOps Tutorial 997,devops-tutorial-997
998,DevOps Insights 998,devops-insights-998
999,Lifestyle Updates 999,lifestyle-updates-999
1000,Health Tutorial 1000,health-tutorial-1000
1001,Design Advanced 1001,design-advanced-1001
1002,Science Trends 1002,science-trends-1002
1003,Education Tutorial 1003,education-tutorial-1003
1004,Education Insights 1004,education-insights-1004
1005,Finance Updates 1005,finance-updates-1005
1006,AI 101 1006,ai-101-1006
1007,Lifestyle 101 1007,lifestyle-101-1007
1008,Business Strategy 1008,business-strategy-1008
1009,AI News 1009,ai-news-1009
1010,Finance Advanced 1010,finance-advanced-1010
1011,Travel 101 1011,travel-101-1011
1012,Cloud Updates 1012,cloud-updates-1012
1013,AI Updates 1013,ai-updates-1013
1014,Science Guide 1014,science-guide-1014
1015,AI Strategy 1015,ai-strategy-1015
1016,DevOps Advanced 1016,devops-advanced-1016
1017,Lifestyle Tutorial 1017,lifestyle-tutorial-1017
1018,Cloud Guide 1018,cloud-guide-1018
1019,Tech Insights 1019,tech-insights-1019
1020,Tech News 1020,tech-news-1020
1021,AI Tutorial 1021,ai-tutorial-1021
1022,Finance Advanced 1022,finance-advanced-1022
1023,Travel Updates 1023,travel-updates-1023
1024,Design Advanced 1024,design-advanced-1024
1025,AI Updates 1025,ai-updates-1025
1026,Design Strategy 1026,design-strategy-1026
1027,DevOps Tutorial 1027,devops-tutorial-1027
1028,Design Guide 1028,design-guide-1028
1029,Cloud Tutorial 1029,cloud-tutorial-1029
1030,DevOps Strategy 1030,devops-strategy-1030
1031,Travel Updates 1031,travel-updates-1031
1032,Design Insights 1032,design-insights-1032
1033,Business Tutorial 1033,business-tutorial-1033
1034,AI Trends 1034,ai-trends-1034
1035,Health Guide 1035,health-guide-1035
1036,Science Tutorial 1036,science-tutorial-1036
1037,Health Tutorial 1037,health-tutorial-1037
1038,Lifestyle Advanced 1038,lifestyle-advanced-1038
1039,Lifestyle Updates 1039,lifestyle-updates-1039
1040,Design Updates 1040,design-updates-1040
1041,Science Trends 1041,science-trends-1041
1042,Education Updates 1042,education-updates-1042
1043,Lifestyle News 1043,lifestyle-news-1043
1044,DevOps 101 1044,devops-101-1044
1045,Lifestyle Insights 1045,lifestyle-insights-1045
1046,Lifestyle Tutorial 1046,lifestyle-tutorial-1046
1047,Lifestyle Tutorial 1047,lifestyle-tutorial-1047
1048,Tech Advanced 1048,tech-advanced-1048
1049,Health News 1049,health-news-1049
1050,Health Strategy 1050,health-strategy-1050
1051,Health Tutorial 1051,health-tutorial-1051
1052,AI Strategy 1052,ai-strategy-1052
1053,Science Guide 1053,science-guide-1053
1054,AI Guide 1054,ai-guide-1054
1055,Design News 1055,design-news-1055
1056,AI 101 1056,ai-101-1056
1057,AI Insights 1057,ai-insights-1057
1058,AI Tutorial 1058,ai-tutorial-1058
1059,AI Insights 1059,ai-insights-1059
1060,Health News 1060,health-news-1060
1061,Design News 1061,design-news-1061
1062,Business Guide 1062,business-guide-1062
1063,Business News 1063,business-news-1063
1064,Education Guide 1064,education-guide-1064
1065,AI 101 1065,ai-101-1065
1066,Tech Guide 1066,tech-guide-1066
1067,Business Strategy 1067,business-strategy-1067
1068,Travel News 1068,travel-news-1068
1069,Finance Strategy 1069,finance-strategy-1069
1070,Lifestyle Insights 1070,lifestyle-insights-1070
1071,Cloud Guide 1071,cloud-guide-1071
1072,Science Tutorial 1072,science-tutorial-1072
1073,Design News 1073,design-news-1073
1074,AI Insights 1074,ai-insights-1074
1075,DevOps Advanced 1075,devops-advanced-1075
1076,Science Trends 1076,science-trends-1076
1077,Health Updates 1077,health-updates-1077
1078,Science Tutorial 1078,science-tutorial-1078
1079,AI Trends 1079,ai-trends-1079
1080,Health Trends 1080,health-trends-1080
1081,Design Advanced 1081,design-advanced-1081
1082,Travel Trends 1082,travel-trends-1082
1083,Finance Guide 1083,finance-guide-1083
1084,Travel Advanced 1084,travel-advanced-1084
1085,Health Strategy 1085,health-strategy-1085
1086,Design Insights 1086,design-insights-1086
1087,Design News 1087,design-news-1087
1088,AI Tutorial 1088,ai-tutorial-1088
1089,Lifestyle Guide 1089,lifestyle-guide-1089
1090,DevOps Updates 1090,devops-updates-1090
1091,Travel Strategy 1091,travel-strategy-1091
1092,Cloud News 1092,cloud-news-1092
1093,Tech Strategy 1093,tech-strategy-1093
1094,Education News 1094,education-news-1094
1095,Science Advanced 1095,science-advanced-1095
1096,Tech News 1096,tech-news-1096
1097,AI Updates 1097,ai-updates-1097
1098,Cloud Insights 1098,cloud-insights-1098
1099,DevOps Guide 1099,devops-guide-1099
1100,Design Trends 1100,design-trends-1100
1101,Education Guide 1101,education-guide-1101
1102,DevOps News 1102,devops-news-1102
1103,Lifestyle Guide 1103,lifestyle-guide-1103
1104,Cloud Guide 1104,cloud-guide-1104
1105,Tech 101 1105,tech-101-1105
1106,Business Advanced 1106,business-advanced-1106
1107,Business Tutorial 1107,business-tutorial-1107
1108,AI Updates 1108,ai-updates-1108
1109,Lifestyle Trends 1109,lifestyle-trends-1109
1110,Education Advanced 1110,education-advanced-1110
1111,Finance Guide 1111,finance-guide-1111
1112,Travel Tutorial 1112,travel-tutorial-1112
1113,Health Advanced 1113,health-advanced-1113
1114,Business 101 1114,business-101-1114
1115,Science Tutorial 1115,science-tutorial-1115
1116,Tech Updates 1116,tech-updates-1116
1117,DevOps Strategy 1117,devops-strategy-1117
1118,Business 101 1118,business-101-1118
1119,Education 101 1119,education-101-1119
1120,Health Guide 1120,health-guide-1120
1121,Lifestyle Updates 1121,lifestyle-updates-1121
1122,DevOps Trends 1122,devops-trends-1122
1123,Cloud Advanced 1123,cloud-advanced-1123
1124,Education News 1124,education-news-1124
1125,DevOps Trends 1125,devops-trends-1125
1126,Tech Trends 1126,tech-trends-1126
1127,Health Insights 1127,health-insights-1127
1128,Business Guide 1128,business-guide-1128
1129,Science News 1129,science-news-1129
1130,Education Strategy 1130,education-strategy-1130
1131,DevOps Strategy 1131,devops-strategy-1131
1132,Design 101 1132,design-101-1132
1133,Education Trends 1133,education-trends-1133
1134,Science News 1134,science-news-1134
1135,Design Updates 1135,design-updates-1135
1136,Design 101 1136,design-101-1136
1137,Design Trends 1137,design-trends-1137
1138,Health Tutorial 1138,health-tutorial-1138
1139,Tech Trends 1139,tech-trends-1139
1140,DevOps Tutorial 1140,devops-tutorial-1140
1141,Health News 1141,health-news-1141
1142,Health 101 1142,health-101-1142
1143,Lifestyle 101 1143,lifestyle-101-1143
1144,Finance Advanced 1144,finance-advanced-1144
1145,Health Updates 1145,health-updates-1145
1146,DevOps News 1146,devops-news-1146
1147,Design Updates 1147,design-updates-1147
1148,Education Insights 1148,education-insights-1148
1149,Science Tutorial 1149,science-tutorial-1149
1150,Cloud Insights 1150,cloud-insights-1150
1151,Travel Strategy 1151,travel-strategy-1151
1152,Cloud Updates 1152,cloud-updates-1152
1153,Cloud Guide 1153,cloud-guide-1153
1154,Design Trends 1154,design-trends-1154
1155,Travel Trends 1155,travel-trends-1155
1156,Tech Tutorial 1156,tech-tutorial-1156
1157,Cloud 101 1157,cloud-101-1157
1158,Design Insights 1158,design-insights-1158
1159,Health Trends 1159,health-trends-1159
1160,Travel Guide 1160,travel-guide-1160
1161,Finance Advanced 1161,finance-advanced-1161
1162,DevOps Guide 1162,devops-guide-1162
1163,Cloud News 1163,cloud-news-1163
1164,Lifestyle Tutorial 1164,lifestyle-tutorial-1164
1165,Science Guide 1165,science-guide-1165
1166,Lifestyle News 1166,lifestyle-news-1166
1167,Business 101 1167,business-101-1167
1168,Finance Advanced 1168,finance-advanced-1168
1169,Lifestyle Advanced 1169,lifestyle-advanced-1169
1170,AI Insights 1170,ai-insights-1170
1171,Health Strategy 1171,health-strategy-1171
1172,Design Updates 1172,design-updates-1172
1173,Finance News 1173,finance-news-1173
1174,AI Updates 1174,ai-updates-1174
1175,Cloud 101 1175,cloud-101-1175
1176,Health Trends 1176,health-trends-1176
1177,DevOps Advanced 1177,devops-advanced-1177
1178,DevOps Strategy 1178,devops-strategy-1178
1179,Business Updates 1179,business-updates-1179
1180,Finance Strategy 1180,finance-strategy-1180
1181,Finance Tutorial 1181,finance-tutorial-1181
1182,DevOps Trends 1182,devops-trends-1182
1183,Design Trends 1183,design-trends-1183
1184,Finance Updates 1184,finance-updates-1184
1185,Tech Insights 1185,tech-insights-1185
1186,Health Tutorial 1186,health-tutorial-1186
1187,AI Insights 1187,ai-insights-1187
1188,Lifestyle Strategy 1188,lifestyle-strategy-1188
1189,Science 101 1189,science-101-1189
1190,DevOps News 1190,devops-news-1190
1191,Finance Strategy 1191,finance-strategy-1191
1192,Lifestyle Tutorial 1192,lifestyle-tutorial-1192
1193,Cloud 101 1193,cloud-101-1193
1194,Finance News 1194,finance-news-1194
1195,Tech News 1195,tech-news-1195
1196,Finance Updates 1196,finance-updates-1196
1197,Travel Trends 1197,travel-trends-1197
1198,Lifestyle Trends 1198,lifestyle-trends-1198
1199,Science Strategy 1199,science-strategy-1199
1200,Design Guide 1200,design-guide-1200
1201,Design News 1201,design-news-1201
1202,Design Insights 1202,design-insights-1202
1203,AI 101 1203,ai-101-1203
1204,AI Updates 1204,ai-updates-1204
1205,Business 101 1205,business-101-1205
1206,Science Trends 1206,science-trends-1206
1207,Health Strategy 1207,health-strategy-1207
1208,Finance News 1208,finance-news-1208
1209,Science Trends 1209,science-trends-1209
1210,Health News 1210,health-news-1210
1211,Science News 1211,science-news-1211
1212,Finance Updates 1212,finance-updates-1212
1213,Business Guide 1213,business-guide-1213
1214,Science Updates 1214,science-updates-1214
1215,DevOps Trends 1215,devops-trends-1215
1216,Business News 1216,business-news-1216
1217,Finance Tutorial 1217,finance-tutorial-1217
1218,Business Guide 1218,business-guide-1218
1219,Science Trends 1219,science-trends-1219
1220,Travel Updates 1220,travel-updates-1220
1221,Finance Tutorial 1221,finance-tutorial-1221
1222,Tech Updates 1222,tech-updates-1222
1223,Science Advanced 1223,science-advanced-1223
1224,Lifestyle Insights 1224,lifestyle-insights-1224
1225,Health Trends 1225,health-trends-1225
1226,DevOps Advanced 1226,devops-advanced-1226
1227,Design Tutorial 1227,design-tutorial-1227
1228,Design News 1228,design-news-1228
1229,Science Tutorial 1229,science-tutorial-1229
1230,Travel Strategy 1230,travel-strategy-1230
1231,Travel Insights 1231,travel-insights-1231
1232,Lifestyle Guide 1232,lifestyle-guide-1232
1233,DevOps Strategy 1233,devops-strategy-1233
1234,Science Tutorial 1234,science-tutorial-1234
1235,Science Trends 1235,science-trends-1235
1236,Tech Advanced 1236,tech-advanced-1236
1237,AI 101 1237,ai-101-1237
1238,Tech Tutorial 1238,tech-tutorial-1238
1239,Travel Tutorial 1239,travel-tutorial-1239
1240,Education 101 1240,education-101-1240
1241,Finance Insights 1241,finance-insights-1241
1242,Travel Trends 1242,travel-trends-1242
1243,Health Tutorial 1243,health-tutorial-1243
1244,Science Strategy 1244,science-strategy-1244
1245,Finance Advanced 1245,finance-advanced-1245
1246,DevOps Updates 1246,devops-updates-1246
1247,Tech Insights 1247,tech-insights-1247
1248,Travel 101 1248,travel-101-1248
1249,Science News 1249,science-news-1249
1250,Science 101 1250,science-101-1250
1251,Tech News 1251,tech-news-1251
1252,Health Strategy 1252,health-strategy-1252
1253,Education 101 1253,education-101-1253
1254,DevOps Tutorial 1254,devops-tutorial-1254
1255,Design 101 1255,design-101-1255
1256,DevOps 101 1256,devops-101-1256
1257,Design Guide 1257,design-guide-1257
1258,AI Advanced 1258,ai-advanced-1258
1259,AI Tutorial 1259,ai-tutorial-1259
1260,Design 101 1260,design-101-1260
1261,Business Insights 1261,business-insights-1261
1262,Science 101 1262,science-101-1262
1263,Cloud Insights 1263,cloud-insights-1263
1264,AI Tutorial 1264,ai-tutorial-1264
1265,Science Guide 1265,science-guide-1265
1266,AI Advanced 1266,ai-advanced-1266
1267,DevOps Tutorial 1267,devops-tutorial-1267
1268,Design 101 1268,design-101-1268
1269,AI Guide 1269,ai-guide-1269
1270,AI Updates 1270,ai-updates-1270
1271,Finance News 1271,finance-news-1271
1272,Business Insights 1272,business-insights-1272
1273,Tech Trends 1273,tech-trends-1273
1274,Design News 1274,design-news-1274
1275,Travel Advanced 1275,travel-advanced-1275
1276,Finance Insights 1276,finance-insights-1276
1277,Finance Guide 1277,finance-guide-1277
1278,AI Strategy 1278,ai-strategy-1278
1279,Lifestyle Strategy 1279,lifestyle-strategy-1279
1280,DevOps Tutorial 1280,devops-tutorial-1280
1281,Lifestyle Trends 1281,lifestyle-trends-1281
1282,Education Guide 1282,education-guide-1282
1283,Finance Advanced 1283,finance-advanced-1283
1284,Education Trends 1284,education-trends-1284
1285,DevOps Insights 1285,devops-insights-1285
1286,Travel 101 1286,travel-101-1286
1287,Health Insights 1287,health-insights-1287
1288,Design Guide 1288,design-guide-1288
1289,DevOps Trends 1289,devops-trends-1289
1290,DevOps Insights 1290,devops-insights-1290
1291,Travel Guide 1291,travel-guide-1291
1292,Education Guide 1292,education-guide-1292
1293,Finance Guide 1293,finance-guide-1293
1294,DevOps News 1294,devops-news-1294
1295,Tech Guide 1295,tech-guide-1295
1296,Business Updates 1296,business-updates-1296
1297,Finance Updates 1297,finance-updates-1297
1298,Business Advanced 1298,business-advanced-1298
1299,Finance Tutorial 1299,finance-tutorial-1299
1300,Tech Strategy 1300,tech-strategy-1300
1301,Health 101 1301,health-101-1301
1302,Tech Guide 1302,tech-guide-1302
1303,Business Guide 1303,business-guide-1303
1304,Cloud Strategy 1304,cloud-strategy-1304
1305,Lifestyle Insights 1305,lifestyle-insights-1305
1306,AI News 1306,ai-news-1306
1307,DevOps Strategy 1307,devops-strategy-1307
1308,Tech Tutorial 1308,tech-tutorial-1308
1309,Science Insights 1309,science-insights-1309
1310,Education Trends 1310,education-trends-1310
1311,Lifestyle 101 1311,lifestyle-101-1311
1312,DevOps Advanced 1312,devops-advanced-1312
1313,Travel News 1313,travel-news-1313
1314,DevOps Trends 1314,devops-trends-1314
1315,Tech Advanced 1315,tech-advanced-1315
1316,DevOps Insights 1316,devops-insights-1316
1317,Design Guide 1317,design-guide-1317
1318,DevOps Guide 1318,devops-guide-1318
1319,Travel Strategy 1319,travel-strategy-1319
1320,Business Tutorial 1320,business-tutorial-1320
1321,Travel Guide 1321,travel-guide-1321
1322,Education Advanced 1322,education-advanced-1322
1323,DevOps Strategy 1323,devops-strategy-1323
1324,Business 101 1324,business-101-1324
1325,Travel 101 1325,travel-101-1325
1326,Science News 1326,science-news-1326
1327,Business 101 1327,business-101-1327
1328,Tech Updates 1328,tech-updates-1328
1329,Finance Trends 1329,finance-trends-1329
1330,Finance Tutorial 1330,finance-tutorial-1330
1331,DevOps Advanced 1331,devops-advanced-1331
1332,Science Guide 1332,science-guide-1332
1333,Tech Updates 1333,tech-updates-1333
1334,Travel Updates 1334,travel-updates-1334
1335,Education 101 1335,education-101-1335
1336,Science Trends 1336,science-trends-1336
1337,DevOps Updates 1337,devops-updates-1337
1338,Education Guide 1338,education-guide-1338
1339,Travel Updates 1339,travel-updates-1339
1340,Health Advanced 1340,health-advanced-1340
1341,Tech Advanced 1341,tech-advanced-1341
1342,Cloud Advanced 1342,cloud-advanced-1342
1343,Design Insights 1343,design-insights-1343
1344,Finance News 1344,finance-news-1344
1345,Design Guide 1345,design-guide-1345
1346,Lifestyle Advanced 1346,lifestyle-advanced-1346
1347,AI Updates 1347,ai-updates-1347
1348,Lifestyle Trends 1348,lifestyle-trends-1348
1349,AI Insights 1349,ai-insights-1349
1350,Science Insights 1350,science-insights-1350
1351,Lifestyle Tutorial 1351,lifestyle-tutorial-1351
1352,Business Guide 1352,business-guide-1352
1353,Design Tutorial 1353,design-tutorial-1353
1354,Tech Insights 1354,tech-insights-1354
1355,AI Tutorial 1355,ai-tutorial-1355
1356,Finance Insights 1356,finance-insights-1356
1357,Tech Guide 1357,tech-guide-1357
1358,Design Tutorial 1358,design-tutorial-1358
1359,Education Guide 1359,education-guide-1359
1360,DevOps Updates 1360,devops-updates-1360
1361,Science News 1361,science-news-1361
1362,Education Tutorial 1362,education-tutorial-1362
1363,Travel Tutorial 1363,travel-tutorial-1363
1364,Design News 1364,design-news-1364
1365,Travel Advanced 1365,travel-advanced-1365
1366,Tech News 1366,tech-news-1366
1367,Lifestyle Advanced 1367,lifestyle-advanced-1367
1368,Education Insights 1368,education-insights-1368
1369,Education Advanced 1369,education-advanced-1369
1370,Design Advanced 1370,design-advanced-1370
1371,DevOps Trends 1371,devops-trends-1371
1372,Tech 101 1372,tech-101-1372
1373,Lifestyle Strategy 1373,lifestyle-strategy-1373
1374,Design Guide 1374,design-guide-1374
1375,Tech Insights 1375,tech-insights-1375
1376,Tech Tutorial 1376,tech-tutorial-1376
1377,Lifestyle Updates 1377,lifestyle-updates-1377
1378,AI Tutorial 1378,ai-tutorial-1378
1379,AI Trends 1379,ai-trends-1379
1380,Travel Trends 1380,travel-trends-1380
1381,Science Updates 1381,science-updates-1381
1382,Science Advanced 1382,science-advanced-1382
1383,Travel Insights 1383,travel-insights-1383
1384,Science Strategy 1384,science-strategy-1384
1385,Health Trends 1385,health-trends-1385
1386,Health Insights 1386,health-insights-1386
1387,Science Trends 1387,science-trends-1387
1388,Health Guide 1388,health-guide-1388
1389,Health News 1389,health-news-1389
1390,Science Guide 1390,science-guide-1390
1391,Design Trends 1391,design-trends-1391
1392,Science Guide 1392,science-guide-1392
1393,Finance Updates 1393,finance-updates-1393
1394,Health Tutorial 1394,health-tutorial-1394
1395,Business Advanced 1395,business-advanced-1395
1396,Health Insights 1396,health-insights-1396
1397,Travel Strategy 1397,travel-strategy-1397
1398,Lifestyle Insights 1398,lifestyle-insights-1398
1399,Science Advanced 1399,science-advanced-1399
1400,Health Tutorial 1400,health-tutorial-1400
1401,Education Advanced 1401,education-advanced-1401
1402,Travel Advanced 1402,travel-advanced-1402
1403,Business News 1403,business-news-1403
1404,Health Strategy 1404,health-strategy-1404
1405,Lifestyle 101 1405,lifestyle-101-1405
1406,AI Updates 1406,ai-updates-1406
1407,Cloud Tutorial 1407,cloud-tutorial-1407
1408,Science News 1408,science-news-1408
1409,Travel Advanced 1409,travel-advanced-1409
1410,Health Tutorial 1410,health-tutorial-1410
1411,Design Trends 1411,design-trends-1411
1412,AI Guide 1412,ai-guide-1412
1413,Tech Advanced 1413,tech-advanced-1413
1414,Finance Trends 1414,finance-trends-1414
1415,Design Insights 1415,design-insights-1415
1416,DevOps Updates 1416,devops-updates-1416
1417,Education Tutorial 1417,education-tutorial-1417
1418,Design Strategy 1418,design-strategy-1418
1419,Science Tutorial 1419,science-tutorial-1419
1420,Science News 1420,science-news-1420
1421,Design Tutorial 1421,design-tutorial-1421
1422,Business Guide 1422,business-guide-1422
1423,Business News 1423,business-news-1423
1424,DevOps News 1424,devops-news-1424
1425,Design Advanced 1425,design-advanced-1425
1426,Science Trends 1426,science-trends-1426
1427,Education Tutorial 1427,education-tutorial-1427
1428,Education Advanced 1428,education-advanced-1428
1429,Cloud 101 1429,cloud-101-1429
1430,Lifestyle Trends 1430,lifestyle-trends-1430
1431,Lifestyle Guide 1431,lifestyle-guide-1431
1432,DevOps Tutorial 1432,devops-tutorial-1432
1433,Tech News 1433,tech-news-1433
1434,DevOps Advanced 1434,devops-advanced-1434
1435,Business Advanced 1435,business-advanced-1435
1436,Finance 101 1436,finance-101-1436
1437,DevOps Advanced 1437,devops-advanced-1437
1438,Travel Strategy 1438,travel-strategy-1438
1439,Design News 1439,design-news-1439
1440,Design Updates 1440,design-updates-1440
1441,Education Advanced 1441,education-advanced-1441
1442,Finance 101 1442,finance-101-1442
1443,Education Updates 1443,education-updates-1443
1444,Science Advanced 1444,science-advanced-1444
1445,AI News 1445,ai-news-1445
1446,Education Insights 1446,education-insights-1446
1447,Health Guide 1447,health-guide-1447
1448,Lifestyle Insights 1448,lifestyle-insights-1448
1449,DevOps Strategy 1449,devops-strategy-1449
1450,Lifestyle Updates 1450,lifestyle-updates-1450
1451,Business Updates 1451,business-updates-1451
1452,Business Insights 1452,business-insights-1452
1453,Business Trends 1453,business-trends-1453
1454,Education Updates 1454,education-updates-1454
1455,Business Trends 1455,business-trends-1455
1456,Cloud Strategy 1456,cloud-strategy-1456
1457,Finance Tutorial 1457,finance-tutorial-1457
1458,Travel Trends 1458,travel-trends-1458
1459,Lifestyle 101 1459,lifestyle-101-1459
1460,AI 101 1460,ai-101-1460
1461,Business Advanced 1461,business-advanced-1461
1462,Business Tutorial 1462,business-tutorial-1462
1463,Business Updates 1463,business-updates-1463
1464,AI Trends 1464,ai-trends-1464
1465,Health Strategy 1465,health-strategy-1465
1466,Cloud Advanced 1466,cloud-advanced-1466
1467,Cloud Trends 1467,cloud-trends-1467
1468,Education Strategy 1468,education-strategy-1468
1469,Design Updates 1469,design-updates-1469
1470,Health Advanced 1470,health-advanced-1470
1471,AI News 1471,ai-news-1471
1472,AI News 1472,ai-news-1472
1473,Design Guide 1473,design-guide-1473
1474,Science Trends 1474,science-trends-1474
1475,Science Strategy 1475,science-strategy-1475
1476,Lifestyle Strategy 1476,lifestyle-strategy-1476
1477,Business Tutorial 1477,business-tutorial-1477
1478,Travel 101 1478,travel-101-1478
1479,Science 101 1479,science-101-1479
1480,Health 101 1480,health-101-1480
1481,Lifestyle Trends 1481,lifestyle-trends-1481
1482,Tech Insights 1482,tech-insights-1482
1483,Cloud Insights 1483,cloud-insights-1483
1484,Finance Strategy 1484,finance-strategy-1484
1485,Design Insights 1485,design-insights-1485
1486,Finance Insights 1486,finance-insights-1486
1487,Education Tutorial 1487,education-tutorial-1487
1488,AI 101 1488,ai-101-1488
1489,Education Insights 1489,education-insights-1489
1490,AI Updates 1490,ai-updates-1490
1491,Travel Strategy 1491,travel-strategy-1491
1492,Finance 101 1492,finance-101-1492
1493,Science Trends 1493,science-trends-1493
1494,Design Advanced 1494,design-advanced-1494
1495,Tech Tutorial 1495,tech-tutorial-1495
1496,Design Strategy 1496,design-strategy-1496
1497,Travel Guide 1497,travel-guide-1497
1498,Finance Insights 1498,finance-insights-1498
1499,Travel Insights 1499,travel-insights-1499
1500,Science News 1500,science-news-1500
1501,Travel News 1501,travel-news-1501
1502,Science Advanced 1502,science-advanced-1502
1503,Business Insights 1503,business-insights-1503
1504,Finance Tutorial 1504,finance-tutorial-1504
1505,Design Tutorial 1505,design-tutorial-1505
1506,Health Strategy 1506,health-strategy-1506
1507,Tech Advanced 1507,tech-advanced-1507
1508,Design Tutorial 1508,design-tutorial-1508
1509,AI Tutorial 1509,ai-tutorial-1509
1510,Design Advanced 1510,design-advanced-1510
1511,Cloud Strategy 1511,cloud-strategy-1511
1512,Science News 1512,science-news-1512
1513,Travel Guide 1513,travel-guide-1513
1514,Health Updates 1514,health-updates-1514
1515,Cloud Advanced 1515,cloud-advanced-1515
1516,Finance Tutorial 1516,finance-tutorial-1516
1517,Finance Strategy 1517,finance-strategy-1517
1518,Design Tutorial 1518,design-tutorial-1518
1519,Lifestyle Insights 1519,lifestyle-insights-1519
1520,Tech 101 1520,tech-101-1520
1521,Lifestyle Guide 1521,lifestyle-guide-1521
1522,Travel Updates 1522,travel-updates-1522
1523,Education Guide 1523,education-guide-1523
1524,Travel Tutorial 1524,travel-tutorial-1524
1525,Lifestyle 101 1525,lifestyle-101-1525
1526,Tech Guide 1526,tech-guide-1526
1527,Travel Insights 1527,travel-insights-1527
1528,AI Tutorial 1528,ai-tutorial-1528
1529,Travel Strategy 1529,travel-strategy-1529
1530,Cloud Tutorial 1530,cloud-tutorial-1530
1531,Lifestyle Trends 1531,lifestyle-trends-1531
1532,Health Tutorial 1532,health-tutorial-1532
1533,Health Strategy 1533,health-strategy-1533
1534,Cloud Strategy 1534,cloud-strategy-1534
1535,Finance Guide 1535,finance-guide-1535
1536,Tech Strategy 1536,tech-strategy-1536
1537,DevOps Guide 1537,devops-guide-1537
1538,Education News 1538,education-news-1538
1539,Travel Trends 1539,travel-trends-1539
1540,Health Trends 1540,health-trends-1540
1541,Health Strategy 1541,health-strategy-1541
1542,Health Trends 1542,health-trends-1542
1543,Business 101 1543,business-101-1543
1544,Design Strategy 1544,design-strategy-1544
1545,Travel Trends 1545,travel-trends-1545
1546,DevOps Insights 1546,devops-insights-1546
1547,Science Insights 1547,science-insights-1547
1548,Lifestyle News 1548,lifestyle-news-1548
1549,AI Strategy 1549,ai-strategy-1549
1550,Finance 101 1550,finance-101-1550
1551,Science Tutorial 1551,science-tutorial-1551
1552,Lifestyle News 1552,lifestyle-news-1552
1553,Tech Strategy 1553,tech-strategy-1553
1554,Travel Guide 1554,travel-guide-1554
1555,Design Advanced 1555,design-advanced-1555
1556,AI Trends 1556,ai-trends-1556
1557,Finance Advanced 1557,finance-advanced-1557
1558,Education Trends 1558,education-trends-1558
1559,Health Updates 1559,health-updates-1559
1560,Cloud News 1560,cloud-news-1560
1561,Health Trends 1561,health-trends-1561
1562,Travel Insights 1562,travel-insights-1562
1563,Lifestyle Insights 1563,lifestyle-insights-1563
1564,Education Updates 1564,education-updates-1564
1565,Business Tutorial 1565,business-tutorial-1565
1566,Cloud Updates 1566,cloud-updates-1566
1567,Education Tutorial 1567,education-tutorial-1567
1568,AI 101 1568,ai-101-1568
1569,Lifestyle News 1569,lifestyle-news-1569
1570,Finance 101 1570,finance-101-1570
1571,Cloud Strategy 1571,cloud-strategy-1571
1572,Business Insights 1572,business-insights-1572
1573,AI Insights 1573,ai-insights-1573
1574,Health Strategy 1574,health-strategy-1574
1575,Education Tutorial 1575,education-tutorial-1575
1576,Business Strategy 1576,business-strategy-1576
1577,Lifestyle Guide 1577,lifestyle-guide-1577
1578,Cloud News 1578,cloud-news-1578
1579,DevOps Trends 1579,devops-trends-1579
1580,Tech Trends 1580,tech-trends-1580
1581,Tech Insights 1581,tech-insights-1581
1582,AI News 1582,ai-news-1582
1583,Business Advanced 1583,business-advanced-1583
1584,Health Guide 1584,health-guide-1584
1585,Health Insights 1585,health-insights-1585
1586,Health Insights 1586,health-insights-1586
1587,Tech Guide 1587,tech-guide-1587
1588,DevOps Tutorial 1588,devops-tutorial-1588
1589,Education Guide 1589,education-guide-1589
1590,Lifestyle Guide 1590,lifestyle-guide-1590
1591,Design Updates 1591,design-updates-1591
1592,Design 101 1592,design-101-1592
1593,Education Updates 1593,education-updates-1593
1594,Design Tutorial 1594,design-tutorial-1594
1595,Travel Updates 1595,travel-updates-1595
1596,Health 101 1596,health-101-1596
1597,Business Insights 1597,business-insights-1597
1598,Design Strategy 1598,design-strategy-1598
1599,Tech Trends 1599,tech-trends-1599
1600,Travel Strategy 1600,travel-strategy-1600
1601,Finance Updates 1601,finance-updates-1601
1602,Health Tutorial 1602,health-tutorial-1602
1603,Finance Insights 1603,finance-insights-1603
1604,Design Updates 1604,design-updates-1604
1605,Finance 101 1605,finance-101-1605
1606,Science Guide 1606,science-guide-1606
1607,Design 101 1607,design-101-1607
1608,Lifestyle News 1608,lifestyle-news-1608
1609,Finance Tutorial 1609,finance-tutorial-1609
1610,Business Advanced 1610,business-advanced-1610
1611,Health Guide 1611,health-guide-1611
1612,Lifestyle Guide 1612,lifestyle-guide-1612
1613,Tech Guide 1613,tech-guide-1613
1614,Cloud Updates 1614,cloud-updates-1614
1615,DevOps Trends 1615,devops-trends-1615
1616,Finance Updates 1616,finance-updates-1616
1617,Cloud News 1617,cloud-news-1617
1618,Tech Strategy 1618,tech-strategy-1618
1619,DevOps News 1619,devops-news-1619
1620,DevOps Updates 1620,devops-updates-1620
1621,DevOps News 1621,devops-news-1621
1622,Finance Strategy 1622,finance-strategy-1622
1623,Education Guide 1623,education-guide-1623
1624,Tech News 1624,tech-news-1624
1625,Travel Advanced 1625,travel-advanced-1625
1626,AI Strategy 1626,ai-strategy-1626
1627,AI Guide 1627,ai-guide-1627
1628,Education Insights 1628,education-insights-1628
1629,AI Tutorial 1629,ai-tutorial-1629
1630,Education 101 1630,education-101-1630
1631,Finance Guide 1631,finance-guide-1631
1632,Lifestyle Guide 1632,lifestyle-guide-1632
1633,Lifestyle Trends 1633,lifestyle-trends-1633
1634,Lifestyle News 1634,lifestyle-news-1634
1635,Cloud Tutorial 1635,cloud-tutorial-1635
1636,Travel 101 1636,travel-101-1636
1637,Design 101 1637,design-101-1637
1638,Science Trends 1638,science-trends-1638
1639,Travel Tutorial 1639,travel-tutorial-1639
1640,Science Insights 1640,science-insights-1640
1641,Finance 101 1641,finance-101-1641
1642,Lifestyle News 1642,lifestyle-news-1642
1643,Health Guide 1643,health-guide-1643
1644,Business Insights 1644,business-insights-1644
1645,Education Trends 1645,education-trends-1645
1646,DevOps 101 1646,devops-101-1646
1647,Tech Advanced 1647,tech-advanced-1647
1648,Health News 1648,health-news-1648
1649,AI Trends 1649,ai-trends-1649
1650,DevOps Tutorial 1650,devops-tutorial-1650
1651,Tech Trends 1651,tech-trends-1651
1652,Education Strategy 1652,education-strategy-1652
1653,Finance News 1653,finance-news-1653
1654,Tech News 1654,tech-news-1654
1655,Business Guide 1655,business-guide-1655
1656,Science Advanced 1656,science-advanced-1656
1657,Design Trends 1657,design-trends-1657
1658,Travel News 1658,travel-news-1658
1659,Travel News 1659,travel-news-1659
1660,Health Trends 1660,health-trends-1660
1661,Travel Trends 1661,travel-trends-1661
1662,Finance 101 1662,finance-101-1662
1663,AI Insights 1663,ai-insights-1663
1664,Tech Advanced 1664,tech-advanced-1664
1665,Business News 1665,business-news-1665
1666,Design Insights 1666,design-insights-1666
1667,DevOps Trends 1667,devops-trends-1667
1668,Science 101 1668,science-101-1668
1669,Cloud Guide 1669,cloud-guide-1669
1670,AI Trends 1670,ai-trends-1670
1671,Education Tutorial 1671,education-tutorial-1671
1672,Business Strategy 1672,business-strategy-1672
1673,Travel Tutorial 1673,travel-tutorial-1673
1674,Cloud 101 1674,cloud-101-1674
1675,Lifestyle Insights 1675,lifestyle-insights-1675
1676,Finance News 1676,finance-news-1676
1677,Health Strategy 1677,health-strategy-1677
1678,Travel Updates 1678,travel-updates-1678
1679,Education Strategy 1679,education-strategy-1679
1680,Education 101 1680,education-101-1680
1681,Education Guide 1681,education-guide-1681
1682,Finance News 1682,finance-news-1682
1683,Tech Trends 1683,tech-trends-1683
1684,Education Updates 1684,education-updates-1684
1685,Travel Tutorial 1685,travel-tutorial-1685
1686,Health Tutorial 1686,health-tutorial-1686
1687,Lifestyle Trends 1687,lifestyle-trends-1687
1688,Science News 1688,science-news-1688
1689,Health Guide 1689,health-guide-1689
1690,Science 101 1690,science-101-1690
1691,Design Insights 1691,design-insights-1691
1692,Cloud Strategy 1692,cloud-strategy-1692
1693,Business News 1693,business-news-1693
1694,Health Tutorial 1694,health-tutorial-1694
1695,Business Guide 1695,business-guide-1695
1696,Business Updates 1696,business-updates-1696
1697,Health Insights 1697,health-insights-1697
1698,DevOps Updates 1698,devops-updates-1698
1699,Health 101 1699,health-101-1699
1700,Lifestyle Advanced 1700,lifestyle-advanced-1700
1701,Health Tutorial 1701,health-tutorial-1701
1702,Science Guide 1702,science-guide-1702
1703,Science Guide 1703,science-guide-1703
1704,AI Updates 1704,ai-updates-1704
1705,Design Trends 1705,design-trends-1705
1706,Travel Strategy 1706,travel-strategy-1706
1707,Design Advanced 1707,design-advanced-1707
1708,Lifestyle Trends 1708,lifestyle-trends-1708
1709,Finance 101 1709,finance-101-1709
1710,Tech Trends 1710,tech-trends-1710
1711,Education Updates 1711,education-updates-1711
1712,Education 101 1712,education-101-1712
1713,Lifestyle Advanced 1713,lifestyle-advanced-1713
1714,Design Insights 1714,design-insights-1714
1715,Education Updates 1715,education-updates-1715
1716,Design Trends 1716,design-trends-1716
1717,Finance News 1717,finance-news-1717
1718,Health News 1718,health-news-1718
1719,DevOps Insights 1719,devops-insights-1719
1720,Lifestyle Tutorial 1720,lifestyle-tutorial-1720
1721,DevOps Guide 1721,devops-guide-1721
1722,Business 101 1722,business-101-1722
1723,Health Advanced 1723,health-advanced-1723
1724,Health Guide 1724,health-guide-1724
1725,Science Updates 1725,science-updates-1725
1726,Business Trends 1726,business-trends-1726
1727,Lifestyle Advanced 1727,lifestyle-advanced-1727
1728,Travel Tutorial 1728,travel-tutorial-1728
1729,Education Guide 1729,education-guide-1729
1730,Science 101 1730,science-101-1730
1731,Tech Updates 1731,tech-updates-1731
1732,Design Guide 1732,design-guide-1732
1733,Science Updates 1733,science-updates-1733
1734,Science Updates 1734,science-updates-1734
1735,Lifestyle Strategy 1735,lifestyle-strategy-1735
1736,DevOps Guide 1736,devops-guide-1736
1737,Finance Strategy 1737,finance-strategy-1737
1738,Cloud Tutorial 1738,cloud-tutorial-1738
1739,DevOps Trends 1739,devops-trends-1739
1740,Lifestyle Insights 1740,lifestyle-insights-1740
1741,Tech Guide 1741,tech-guide-1741
1742,Travel News 1742,travel-news-1742
1743,DevOps Insights 1743,devops-insights-1743
1744,Science Trends 1744,science-trends-1744
1745,Education 101 1745,education-101-1745
1746,Finance Updates 1746,finance-updates-1746
1747,Education 101 1747,education-101-1747
1748,Lifestyle Advanced 1748,lifestyle-advanced-1748
1749,Tech News 1749,tech-news-1749
1750,Travel Updates 1750,travel-updates-1750
1751,Travel Insights 1751,travel-insights-1751
1752,Education Guide 1752,education-guide-1752
1753,AI News 1753,ai-news-1753
1754,Lifestyle News 1754,lifestyle-news-1754
1755,AI 101 1755,ai-101-1755
1756,Travel Tutorial 1756,travel-tutorial-1756
1757,Tech Updates 1757,tech-updates-1757
1758,Design News 1758,design-news-1758
1759,Business Tutorial 1759,business-tutorial-1759
1760,Travel Insights 1760,travel-insights-1760
1761,Finance Insights 1761,finance-insights-1761
1762,AI 101 1762,ai-101-1762
1763,Business Trends 1763,business-trends-1763
1764,Travel Tutorial 1764,travel-tutorial-1764
1765,Science Insights 1765,science-insights-1765
1766,Tech Guide 1766,tech-guide-1766
1767,Cloud Updates 1767,cloud-updates-1767
1768,Design Advanced 1768,design-advanced-1768
1769,AI Advanced 1769,ai-advanced-1769
1770,Lifestyle 101 1770,lifestyle-101-1770
1771,Travel Updates 1771,travel-updates-1771
1772,DevOps Updates 1772,devops-updates-1772
1773,Travel Updates 1773,travel-updates-1773
1774,Education Tutorial 1774,education-tutorial-1774
1775,Cloud Trends 1775,cloud-trends-1775
1776,Travel Strategy 1776,travel-strategy-1776
1777,AI Advanced 1777,ai-advanced-1777
1778,AI Tutorial 1778,ai-tutorial-1778
1779,Cloud Tutorial 1779,cloud-tutorial-1779
1780,Design 101 1780,design-101-1780
1781,Business Tutorial 1781,business-tutorial-1781
1782,Health Strategy 1782,health-strategy-1782
1783,Travel Tutorial 1783,travel-tutorial-1783
1784,AI Insights 1784,ai-insights-1784
1785,Lifestyle Advanced 1785,lifestyle-advanced-1785
1786,Lifestyle Trends 1786,lifestyle-trends-1786
1787,Finance Strategy 1787,finance-strategy-1787
1788,Science Strategy 1788,science-strategy-1788
1789,AI 101 1789,ai-101-1789
1790,Lifestyle Tutorial 1790,lifestyle-tutorial-1790
1791,Education Insights 1791,education-insights-1791
1792,Finance Strategy 1792,finance-strategy-1792
1793,Design Strategy 1793,design-strategy-1793
1794,Finance Advanced 1794,finance-advanced-1794
1795,Science 101 1795,science-101-1795
1796,Science Strategy 1796,science-strategy-1796
1797,AI Updates 1797,ai-updates-1797
1798,Cloud Strategy 1798,cloud-strategy-1798
1799,Health Tutorial 1799,health-tutorial-1799
1800,Design News 1800,design-news-1800
1801,Business Insights 1801,business-insights-1801
1802,Health Insights 1802,health-insights-1802
1803,Health Insights 1803,health-insights-1803
1804,Business Strategy 1804,business-strategy-1804
1805,Finance Tutorial 1805,finance-tutorial-1805
1806,Lifestyle Guide 1806,lifestyle-guide-1806
1807,DevOps Insights 1807,devops-insights-1807
1808,Education Updates 1808,education-updates-1808
1809,Education Guide 1809,education-guide-1809
1810,Design Updates 1810,design-updates-1810
1811,DevOps Updates 1811,devops-updates-1811
1812,Tech Trends 1812,tech-trends-1812
1813,Travel Tutorial 1813,travel-tutorial-1813
1814,Design Trends 1814,design-trends-1814
1815,Design Trends 1815,design-trends-1815
1816,Science Advanced 1816,science-advanced-1816
1817,Business Advanced 1817,business-advanced-1817
1818,Lifestyle 101 1818,lifestyle-101-1818
1819,AI News 1819,ai-news-1819
1820,Business Tutorial 1820,business-tutorial-1820
1821,Cloud News 1821,cloud-news-1821
1822,DevOps Updates 1822,devops-updates-1822
1823,AI Strategy 1823,ai-strategy-1823
1824,Cloud Trends 1824,cloud-trends-1824
1825,AI Trends 1825,ai-trends-1825
1826,Science Trends 1826,science-trends-1826
1827,Health Trends 1827,health-trends-1827
1828,Tech Trends 1828,tech-trends-1828
1829,Tech News 1829,tech-news-1829
1830,Finance 101 1830,finance-101-1830
1831,Health Tutorial 1831,health-tutorial-1831
1832,Lifestyle Strategy 1832,lifestyle-strategy-1832
1833,Design Guide 1833,design-guide-1833
1834,Travel 101 1834,travel-101-1834
1835,Travel Insights 1835,travel-insights-1835
1836,Finance Updates 1836,finance-updates-1836
1837,Business Trends 1837,business-trends-1837
1838,Lifestyle Guide 1838,lifestyle-guide-1838
1839,DevOps Insights 1839,devops-insights-1839
1840,Education Updates 1840,education-updates-1840
1841,Design Guide 1841,design-guide-1841
1842,AI Guide 1842,ai-guide-1842
1843,DevOps Tutorial 1843,devops-tutorial-1843
1844,AI Insights 1844,ai-insights-1844
1845,Business Updates 1845,business-updates-1845
1846,Education Tutorial 1846,education-tutorial-1846
1847,Finance Tutorial 1847,finance-tutorial-1847
1848,Finance 101 1848,finance-101-1848
1849,Education Trends 1849,education-trends-1849
1850,Business Tutorial 1850,business-tutorial-1850
1851,Finance Guide 1851,finance-guide-1851
1852,Cloud News 1852,cloud-news-1852
1853,Cloud Insights 1853,cloud-insights-1853
1854,Travel Trends 1854,travel-trends-1854
1855,Science News 1855,science-news-1855
1856,Tech Tutorial 1856,tech-tutorial-1856
1857,Travel News 1857,travel-news-1857
1858,AI Trends 1858,ai-trends-1858
1859,DevOps 101 1859,devops-101-1859
1860,Tech Advanced 1860,tech-advanced-1860
1861,Science Tutorial 1861,science-tutorial-1861
1862,AI Trends 1862,ai-trends-1862
1863,AI Tutorial 1863,ai-tutorial-1863
1864,Health Advanced 1864,health-advanced-1864
1865,DevOps News 1865,devops-news-1865
1866,DevOps Updates 1866,devops-updates-1866
1867,Tech Strategy 1867,tech-strategy-1867
1868,Travel Guide 1868,travel-guide-1868
1869,Health Advanced 1869,health-advanced-1869
1870,Cloud Advanced 1870,cloud-advanced-1870
1871,Science Strategy 1871,science-strategy-1871
1872,Business Guide 1872,business-guide-1872
1873,Health Tutorial 1873,health-tutorial-1873
1874,Cloud Updates 1874,cloud-updates-1874
1875,Lifestyle Strategy 1875,lifestyle-strategy-1875
1876,Cloud Updates 1876,cloud-updates-1876
1877,Education Trends 1877,education-trends-1877
1878,Science Trends 1878,science-trends-1878
1879,Design Insights 1879,design-insights-1879
1880,Design News 1880,design-news-1880
1881,Cloud Insights 1881,cloud-insights-1881
1882,DevOps Guide 1882,devops-guide-1882
1883,Cloud Advanced 1883,cloud-advanced-1883
1884,Travel News 1884,travel-news-1884
1885,Cloud Trends 1885,cloud-trends-1885
1886,AI 101 1886,ai-101-1886
1887,Business Trends 1887,business-trends-1887
1888,Health News 1888,health-news-1888
1889,Finance Strategy 1889,finance-strategy-1889
1890,Finance Guide 1890,finance-guide-1890
1891,Lifestyle Trends 1891,lifestyle-trends-1891
1892,Travel News 1892,travel-news-1892
1893,DevOps 101 1893,devops-101-1893
1894,Design Tutorial 1894,design-tutorial-1894
1895,DevOps News 1895,devops-news-1895
1896,Business News 1896,business-news-1896
1897,Tech Guide 1897,tech-guide-1897
1898,Science Updates 1898,science-updates-1898
1899,Lifestyle Guide 1899,lifestyle-guide-1899
1900,Lifestyle News 1900,lifestyle-news-1900
1901,Lifestyle Advanced 1901,lifestyle-advanced-1901
1902,Tech Updates 1902,tech-updates-1902
1903,DevOps Trends 1903,devops-trends-1903
1904,Tech 101 1904,tech-101-1904
1905,Health News 1905,health-news-1905
1906,Finance Advanced 1906,finance-advanced-1906
1907,Health Advanced 1907,health-advanced-1907
1908,Finance News 1908,finance-news-1908
1909,AI News 1909,ai-news-1909
1910,Science Guide 1910,science-guide-1910
1911,AI Insights 1911,ai-insights-1911
1912,Business 101 1912,business-101-1912
1913,DevOps 101 1913,devops-101-1913
1914,Science News 1914,science-news-1914
1915,DevOps 101 1915,devops-101-1915
1916,Design Updates 1916,design-updates-1916
1917,Travel Advanced 1917,travel-advanced-1917
1918,Travel Trends 1918,travel-trends-1918
1919,Education Tutorial 1919,education-tutorial-1919
1920,Business Trends 1920,business-trends-1920
1921,DevOps Tutorial 1921,devops-tutorial-1921
1922,Design Trends 1922,design-trends-1922
1923,Travel 101 1923,travel-101-1923
1924,Design Trends 1924,design-trends-1924
1925,Health Insights 1925,health-insights-1925
1926,Design Advanced 1926,design-advanced-1926
1927,AI Guide 1927,ai-guide-1927
1928,Travel Trends 1928,travel-trends-1928
1929,Health News 1929,health-news-1929
1930,Health Strategy 1930,health-strategy-1930
1931,Travel Updates 1931,travel-updates-1931
1932,Design Strategy 1932,design-strategy-1932
1933,Education Advanced 1933,education-advanced-1933
1934,Science Strategy 1934,science-strategy-1934
1935,AI 101 1935,ai-101-1935
1936,Health Updates 1936,health-updates-1936
1937,Business Insights 1937,business-insights-1937
1938,Lifestyle Tutorial 1938,lifestyle-tutorial-1938
1939,Tech Trends 1939,tech-trends-1939
1940,Science Guide 1940,science-guide-1940
1941,Lifestyle Tutorial 1941,lifestyle-tutorial-1941
1942,Finance Advanced 1942,finance-advanced-1942
1943,AI Updates 1943,ai-updates-1943
1944,Cloud Tutorial 1944,cloud-tutorial-1944
1945,Travel Strategy 1945,travel-strategy-1945
1946,AI Advanced 1946,ai-advanced-1946
1947,Health Strategy 1947,health-strategy-1947
1948,AI Guide 1948,ai-guide-1948
1949,Education 101 1949,education-101-1949
1950,Health 101 1950,health-101-1950
1951,Cloud Advanced 1951,cloud-advanced-1951
1952,Education Trends 1952,education-trends-1952
1953,Education Advanced 1953,education-advanced-1953
1954,Tech Guide 1954,tech-guide-1954
1955,Finance 101 1955,finance-101-1955
1956,Health Tutorial 1956,health-tutorial-1956
1957,Cloud Updates 1957,cloud-updates-1957
1958,Business Advanced 1958,business-advanced-1958
1959,Travel Strategy 1959,travel-strategy-1959
1960,Science Tutorial 1960,science-tutorial-1960
1961,Business Tutorial 1961,business-tutorial-1961
1962,Science Strategy 1962,science-strategy-1962
1963,Design Insights 1963,design-insights-1963
1964,Cloud Trends 1964,cloud-trends-1964
1965,Design Advanced 1965,design-advanced-1965
1966,Health Advanced 1966,health-advanced-1966
1967,Education Insights 1967,education-insights-1967
1968,AI Guide 1968,ai-guide-1968
1969,Lifestyle 101 1969,lifestyle-101-1969
1970,Lifestyle Updates 1970,lifestyle-updates-1970
1971,Travel Trends 1971,travel-trends-1971
1972,Education News 1972,education-news-1972
1973,Lifestyle Strategy 1973,lifestyle-strategy-1973
1974,Design Guide 1974,design-guide-1974
1975,Health Insights 1975,health-insights-1975
1976,Cloud Strategy 1976,cloud-strategy-1976
1977,Health News 1977,health-news-1977
1978,Science News 1978,science-news-1978
1979,Cloud Updates 1979,cloud-updates-1979
1980,Business Trends 1980,business-trends-1980
1981,Science News 1981,science-news-1981
1982,Science Strategy 1982,science-strategy-1982
1983,Design Strategy 1983,design-strategy-1983
1984,Science Advanced 1984,science-advanced-1984
1985,DevOps News 1985,devops-news-1985
1986,Travel Guide 1986,travel-guide-1986
1987,Travel Updates 1987,travel-updates-1987
1988,Design Strategy 1988,design-strategy-1988
1989,Science News 1989,science-news-1989
1990,Cloud Strategy 1990,cloud-strategy-1990
1991,Design Trends 1991,design-trends-1991
1992,Finance Advanced 1992,finance-advanced-1992
1993,AI Strategy 1993,ai-strategy-1993
1994,Business News 1994,business-news-1994
1995,Education Strategy 1995,education-strategy-1995
1996,Lifestyle Tutorial 1996,lifestyle-tutorial-1996
1997,Tech Insights 1997,tech-insights-1997
1998,Education Guide 1998,education-guide-1998
1999,AI Strategy 1999,ai-strategy-1999
2000,Health Strategy 2000,health-strategy-2000
