id,site_id,name
1,1,E-Commerce Funnel
2,2,B2B SaaS Signup
3,3,E-Commerce Funnel
4,4,Content Subscription
5,5,E-Commerce Funnel
6,6,E-Commerce Funnel
7,7,B2B SaaS Signup
8,8,Content Subscription
9,9,Content Subscription
10,10,E-Commerce Funnel
11,11,B2B SaaS Signup
12,12,E-Commerce Funnel
13,13,E-Commerce Funnel
14,14,Content Subscription
15,15,B2B SaaS Signup
16,16,E-Commerce Funnel
17,17,Content Subscription
18,18,E-Commerce Funnel
19,19,E-Commerce Funnel
20,20,B2B SaaS Signup
21,21,Content Subscription
22,22,Content Subscription
23,23,B2B SaaS Signup
24,24,B2B SaaS Signup
25,25,B2B SaaS Signup
26,26,B2B SaaS Signup
27,27,B2B SaaS Signup
28,28,E-Commerce Funnel
29,29,Content Subscription
30,30,Content Subscription
31,31,E-Commerce Funnel
32,32,Content Subscription
33,33,B2B SaaS Signup
34,34,B2B SaaS Signup
35,35,Content Subscription
36,36,E-Commerce Funnel
37,37,Content Subscription
38,38,Content Subscription
39,39,E-Commerce Funnel
40,40,Content Subscription
41,41,E-Commerce Funnel
42,42,Content Subscription
43,43,B2B SaaS Signup
44,44,B2B SaaS Signup
45,45,E-Commerce Funnel
46,46,E-Commerce Funnel
47,47,E-Commerce Funnel
48,48,B2B SaaS Signup
49,49,B2B SaaS Signup
50,50,Content Subscription
51,51,B2B SaaS Signup
52,52,B2B SaaS Signup
53,53,B2B SaaS Signup
54,54,B2B SaaS Signup
55,55,Content Subscription
56,56,B2B SaaS Signup
57,57,B2B SaaS Signup
58,58,E-Commerce Funnel
59,59,B2B SaaS Signup
60,60,Content Subscription
61,61,Content Subscription
62,62,E-Commerce Funnel
63,63,B2B SaaS Signup
64,64,Content Subscription
65,65,Content Subscription
66,66,B2B SaaS Signup
67,67,B2B SaaS Signup
68,68,B2B SaaS Signup
69,69,Content Subscription
70,70,Content Subscription
71,71,E-Commerce Funnel
72,72,E-Commerce Funnel
73,73,E-Commerce Funnel
74,74,E-Commerce Funnel
75,75,Content Subscription
76,76,E-Commerce Funnel
77,77,Content Subscription
78,78,E-Commerce Funnel
79,79,Content Subscription
80,80,Content Subscription
81,81,E-Commerce Funnel
82,82,E-Commerce Funnel
83,83,B2B SaaS Signup
84,84,E-Commerce Funnel
85,85,E-Commerce Funnel
86,86,Content Subscription
87,87,E-Commerce Funnel
88,88,Content Subscription
89,89,Content Subscription
90,90,E-Commerce Funnel
91,91,E-Commerce Funnel
92,92,B2B SaaS Signup
93,93,E-Commerce Funnel
94,94,B2B SaaS Signup
95,95,Content Subscription
96,96,Content Subscription
97,97,B2B SaaS Signup
98,98,Content Subscription
99,99,B2B SaaS Signup
100,100,E-Commerce Funnel
101,101,B2B SaaS Signup
102,102,Content Subscription
103,103,E-Commerce Funnel
104,104,B2B SaaS Signup
105,105,B2B SaaS Signup
106,106,E-Commerce Funnel
107,107,Content Subscription
108,108,Content Subscription
109,109,E-Commerce Funnel
110,110,E-Commerce Funnel
111,111,E-Commerce Funnel
112,112,B2B SaaS Signup
113,113,Content Subscription
114,114,B2B SaaS Signup
115,115,E-Commerce Funnel
116,116,Content Subscription
117,117,B2B SaaS Signup
118,118,Content Subscription
119,119,Content Subscription
120,120,B2B SaaS Signup
121,121,B2B SaaS Signup
122,122,Content Subscription
123,123,B2B SaaS Signup
124,124,B2B SaaS Signup
125,125,B2B SaaS Signup
126,126,B2B SaaS Signup
127,127,Content Subscription
128,128,E-Commerce Funnel
129,129,E-Commerce Funnel
130,130,B2B SaaS Signup
131,131,B2B SaaS Signup
132,132,B2B SaaS Signup
133,133,Content Subscription
134,134,Content Subscription
135,135,E-Commerce Funnel
136,136,Content Subscription
137,137,Content Subscription
138,138,B2B SaaS Signup
139,139,E-Commerce Funnel
140,140,B2B SaaS Signup
141,141,Content Subscription
142,142,B2B SaaS Signup
143,143,Content Subscription
144,144,E-Commerce Funnel
145,145,E-Commerce Funnel
146,146,E-Commerce Funnel
147,147,Content Subscription
148,148,Content Subscription
149,149,Content Subscription
150,150,E-Commerce Funnel
151,151,B2B SaaS Signup
152,152,E-Commerce Funnel
153,153,B2B SaaS Signup
154,154,B2B SaaS Signup
155,155,E-Commerce Funnel
156,156,B2B SaaS Signup
157,157,Content Subscription
158,158,Content Subscription
159,159,B2B SaaS Signup
160,160,B2B SaaS Signup
161,161,B2B SaaS Signup
162,162,E-Commerce Funnel
163,163,E-Commerce Funnel
164,164,E-Commerce Funnel
165,165,Content Subscription
166,166,B2B SaaS Signup
167,167,Content Subscription
168,168,B2B SaaS Signup
169,169,B2B SaaS Signup
170,170,E-Commerce Funnel
171,171,Content Subscription
172,172,Content Subscription
173,173,E-Commerce Funnel
174,174,Content Subscription
175,175,E-Commerce Funnel
176,176,Content Subscription
177,177,Content Subscription
178,178,B2B SaaS Signup
179,179,E-Commerce Funnel
180,180,B2B SaaS Signup
181,181,B2B SaaS Signup
182,182,E-Commerce Funnel
183,183,Content Subscription
184,184,Content Subscription
185,185,Content Subscription
186,186,E-Commerce Funnel
187,187,Content Subscription
188,188,E-Commerce Funnel
189,189,Content Subscription
190,190,E-Commerce Funnel
191,191,B2B SaaS Signup
192,192,E-Commerce Funnel
193,193,E-Commerce Funnel
194,194,E-Commerce Funnel
195,195,Content Subscription
196,196,B2B SaaS Signup
197,197,B2B SaaS Signup
198,198,Content Subscription
199,199,B2B SaaS Signup
200,200,E-Commerce Funnel
201,201,E-Commerce Funnel
202,202,Content Subscription
203,203,Content Subscription
204,204,B2B SaaS Signup
205,205,B2B SaaS Signup
206,206,Content Subscription
207,207,Content Subscription
208,208,B2B SaaS Signup
209,209,Content Subscription
210,210,Content Subscription
211,211,B2B SaaS Signup
212,212,Content Subscription
213,213,Content Subscription
214,214,E-Commerce Funnel
215,215,B2B SaaS Signup
216,216,E-Commerce Funnel
217,217,E-Commerce Funnel
218,218,E-Commerce Funnel
219,219,E-Commerce Funnel
220,220,B2B SaaS Signup
221,221,Content Subscription
222,222,Content Subscription
223,223,Content Subscription
224,224,E-Commerce Funnel
225,225,E-Commerce Funnel
226,226,Content Subscription
227,227,B2B SaaS Signup
228,228,E-Commerce Funnel
229,229,E-Commerce Funnel
230,230,Content Subscription
231,231,E-Commerce Funnel
232,232,B2B SaaS Signup
233,233,Content Subscription
234,234,B2B SaaS Signup
235,235,Content Subscription
236,236,Content Subscription
237,237,E-Commerce Funnel
238,238,E-Commerce Funnel
239,239,B2B SaaS Signup
240,240,E-Commerce Funnel
241,241,Content Subscription
242,242,E-Commerce Funnel
243,243,E-Commerce Funnel
244,244,Content Subscription
245,245,Content Subscription
246,246,B2B SaaS Signup
247,247,Content Subscription
248,248,B2B SaaS Signup
249,249,B2B SaaS Signup
250,250,Content Subscription
251,251,B2B SaaS Signup
252,252,E-Commerce Funnel
253,253,B2B SaaS Signup
254,254,B2B SaaS Signup
255,255,B2B SaaS Signup
256,256,E-Commerce Funnel
257,257,E-Commerce Funnel
258,258,B2B SaaS Signup
259,259,E-Commerce Funnel
260,260,Content Subscription
261,261,Content Subscription
262,262,E-Commerce Funnel
263,263,B2B SaaS Signup
264,264,B2B SaaS Signup
265,265,B2B SaaS Signup
266,266,Content Subscription
267,267,B2B SaaS Signup
268,268,E-Commerce Funnel
269,269,Content Subscription
270,270,E-Commerce Funnel
271,271,B2B SaaS Signup
272,272,Content Subscription
273,273,Content Subscription
274,274,E-Commerce Funnel
275,275,Content Subscription
276,276,E-Commerce Funnel
277,277,Content Subscription
278,278,B2B SaaS Signup
279,279,E-Commerce Funnel
280,280,E-Commerce Funnel
281,281,E-Commerce Funnel
282,282,Content Subscription
283,283,B2B SaaS Signup
284,284,E-Commerce Funnel
285,285,E-Commerce Funnel
286,286,E-Commerce Funnel
287,287,B2B SaaS Signup
288,288,Content Subscription
289,289,Content Subscription
290,290,E-Commerce Funnel
291,291,Content Subscription
292,292,E-Commerce Funnel
293,293,B2B SaaS Signup
294,294,Content Subscription
295,295,Content Subscription
296,296,Content Subscription
297,297,B2B SaaS Signup
298,298,B2B SaaS Signup
299,299,E-Commerce Funnel
300,300,Content Subscription
301,301,E-Commerce Funnel
302,302,Content Subscription
303,303,E-Commerce Funnel
304,304,Content Subscription
305,305,B2B SaaS Signup
306,306,E-Commerce Funnel
307,307,Content Subscription
308,308,B2B SaaS Signup
309,309,B2B SaaS Signup
310,310,B2B SaaS Signup
311,311,B2B SaaS Signup
312,312,E-Commerce Funnel
313,313,E-Commerce Funnel
314,314,B2B SaaS Signup
315,315,E-Commerce Funnel
316,316,E-Commerce Funnel
317,317,B2B SaaS Signup
318,318,E-Commerce Funnel
319,319,E-Commerce Funnel
320,320,B2B SaaS Signup
321,321,E-Commerce Funnel
322,322,B2B SaaS Signup
323,323,Content Subscription
324,324,E-Commerce Funnel
325,325,E-Commerce Funnel
326,326,Content Subscription
327,327,E-Commerce Funnel
328,328,Content Subscription
329,329,B2B SaaS Signup
330,330,B2B SaaS Signup
331,331,B2B SaaS Signup
332,332,Content Subscription
333,333,B2B SaaS Signup
334,334,E-Commerce Funnel
335,335,B2B SaaS Signup
336,336,Content Subscription
337,337,E-Commerce Funnel
338,338,B2B SaaS Signup
339,339,Content Subscription
340,340,E-Commerce Funnel
341,341,B2B SaaS Signup
342,342,E-Commerce Funnel
343,343,B2B SaaS Signup
344,344,B2B SaaS Signup
345,345,B2B SaaS Signup
346,346,E-Commerce Funnel
347,347,B2B SaaS Signup
348,348,Content Subscription
349,349,B2B SaaS Signup
350,350,B2B SaaS Signup
351,351,E-Commerce Funnel
352,352,B2B SaaS Signup
353,353,E-Commerce Funnel
354,354,E-Commerce Funnel
355,355,B2B SaaS Signup
356,356,Content Subscription
357,357,E-Commerce Funnel
358,358,Content Subscription
359,359,Content Subscription
360,360,E-Commerce Funnel
361,361,E-Commerce Funnel
362,362,E-Commerce Funnel
363,363,E-Commerce Funnel
364,364,B2B SaaS Signup
365,365,Content Subscription
366,366,E-Commerce Funnel
367,367,B2B SaaS Signup
368,368,B2B SaaS Signup
369,369,E-Commerce Funnel
370,370,E-Commerce Funnel
371,371,B2B SaaS Signup
372,372,Content Subscription
373,373,B2B SaaS Signup
374,374,Content Subscription
375,375,E-Commerce Funnel
376,376,Content Subscription
377,377,Content Subscription
378,378,B2B SaaS Signup
379,379,Content Subscription
380,380,Content Subscription
381,381,Content Subscription
382,382,B2B SaaS Signup
383,383,E-Commerce Funnel
384,384,B2B SaaS Signup
385,385,E-Commerce Funnel
386,386,E-Commerce Funnel
387,387,Content Subscription
388,388,E-Commerce Funnel
389,389,Content Subscription
390,390,E-Commerce Funnel
391,391,B2B SaaS Signup
392,392,E-Commerce Funnel
393,393,B2B SaaS Signup
394,394,Content Subscription
395,395,Content Subscription
396,396,Content Subscription
397,397,E-Commerce Funnel
398,398,E-Commerce Funnel
399,399,Content Subscription
400,400,E-Commerce Funnel
401,401,B2B SaaS Signup
402,402,E-Commerce Funnel
403,403,B2B SaaS Signup
404,404,Content Subscription
405,405,Content Subscription
406,406,B2B SaaS Signup
407,407,E-Commerce Funnel
408,408,Content Subscription
409,409,Content Subscription
410,410,B2B SaaS Signup
411,411,Content Subscription
412,412,Content Subscription
413,413,E-Commerce Funnel
414,414,E-Commerce Funnel
415,415,E-Commerce Funnel
416,416,Content Subscription
417,417,E-Commerce Funnel
418,418,B2B SaaS Signup
419,419,B2B SaaS Signup
420,420,Content Subscription
421,421,Content Subscription
422,422,Content Subscription
423,423,B2B SaaS Signup
424,424,B2B SaaS Signup
425,425,B2B SaaS Signup
426,426,B2B SaaS Signup
427,427,E-Commerce Funnel
428,428,E-Commerce Funnel
429,429,B2B SaaS Signup
430,430,B2B SaaS Signup
431,431,E-Commerce Funnel
432,432,Content Subscription
433,433,E-Commerce Funnel
434,434,B2B SaaS Signup
435,435,Content Subscription
436,436,B2B SaaS Signup
437,437,Content Subscription
438,438,Content Subscription
439,439,Content Subscription
440,440,Content Subscription
441,441,Content Subscription
442,442,B2B SaaS Signup
443,443,E-Commerce Funnel
444,444,E-Commerce Funnel
445,445,Content Subscription
446,446,B2B SaaS Signup
447,447,B2B SaaS Signup
448,448,Content Subscription
449,449,E-Commerce Funnel
450,450,B2B SaaS Signup
451,451,B2B SaaS Signup
452,452,B2B SaaS Signup
453,453,E-Commerce Funnel
454,454,Content Subscription
455,455,E-Commerce Funnel
456,456,Content Subscription
457,457,E-Commerce Funnel
458,458,E-Commerce Funnel
459,459,B2B SaaS Signup
460,460,Content Subscription
461,461,Content Subscription
462,462,E-Commerce Funnel
463,463,E-Commerce Funnel
464,464,E-Commerce Funnel
465,465,B2B SaaS Signup
466,466,B2B SaaS Signup
467,467,Content Subscription
468,468,B2B SaaS Signup
469,469,B2B SaaS Signup
470,470,B2B SaaS Signup
471,471,Content Subscription
472,472,B2B SaaS Signup
473,473,Content Subscription
474,474,E-Commerce Funnel
475,475,B2B SaaS Signup
476,476,Content Subscription
477,477,B2B SaaS Signup
478,478,B2B SaaS Signup
479,479,B2B SaaS Signup
480,480,B2B SaaS Signup
481,481,Content Subscription
482,482,B2B SaaS Signup
483,483,Content Subscription
484,484,E-Commerce Funnel
485,485,E-Commerce Funnel
486,486,B2B SaaS Signup
487,487,B2B SaaS Signup
488,488,B2B SaaS Signup
489,489,B2B SaaS Signup
490,490,B2B SaaS Signup
491,491,E-Commerce Funnel
492,492,Content Subscription
493,493,Content Subscription
494,494,E-Commerce Funnel
495,495,Content Subscription
496,496,B2B SaaS Signup
497,497,B2B SaaS Signup
498,498,Content Subscription
499,499,Content Subscription
500,500,B2B SaaS Signup
501,501,E-Commerce Funnel
502,502,B2B SaaS Signup
503,503,B2B SaaS Signup
504,504,B2B SaaS Signup
505,505,B2B SaaS Signup
506,506,Content Subscription
507,507,E-Commerce Funnel
508,508,E-Commerce Funnel
509,509,B2B SaaS Signup
510,510,B2B SaaS Signup
511,511,Content Subscription
512,512,E-Commerce Funnel
513,513,B2B SaaS Signup
514,514,B2B SaaS Signup
515,515,Content Subscription
516,516,B2B SaaS Signup
517,517,E-Commerce Funnel
518,518,Content Subscription
519,519,E-Commerce Funnel
520,520,E-Commerce Funnel
521,521,B2B SaaS Signup
522,522,Content Subscription
523,523,B2B SaaS Signup
524,524,B2B SaaS Signup
525,525,Content Subscription
526,526,E-Commerce Funnel
527,527,Content Subscription
528,528,E-Commerce Funnel
529,529,Content Subscription
530,530,B2B SaaS Signup
531,531,B2B SaaS Signup
532,532,E-Commerce Funnel
533,533,Content Subscription
534,534,Content Subscription
535,535,B2B SaaS Signup
536,536,Content Subscription
537,537,E-Commerce Funnel
538,538,E-Commerce Funnel
539,539,Content Subscription
540,540,Content Subscription
541,541,B2B SaaS Signup
542,542,B2B SaaS Signup
543,543,E-Commerce Funnel
544,544,E-Commerce Funnel
545,545,Content Subscription
546,546,Content Subscription
547,547,E-Commerce Funnel
548,548,B2B SaaS Signup
549,549,Content Subscription
550,550,B2B SaaS Signup
551,551,B2B SaaS Signup
552,552,B2B SaaS Signup
553,553,B2B SaaS Signup
554,554,Content Subscription
555,555,Content Subscription
556,556,E-Commerce Funnel
557,557,Content Subscription
558,558,Content Subscription
559,559,B2B SaaS Signup
560,560,B2B SaaS Signup
561,561,Content Subscription
562,562,Content Subscription
563,563,Content Subscription
564,564,E-Commerce Funnel
565,565,Content Subscription
566,566,E-Commerce Funnel
567,567,E-Commerce Funnel
568,568,Content Subscription
569,569,E-Commerce Funnel
570,570,Content Subscription
571,571,B2B SaaS Signup
572,572,E-Commerce Funnel
573,573,B2B SaaS Signup
574,574,E-Commerce Funnel
575,575,Content Subscription
576,576,B2B SaaS Signup
577,577,B2B SaaS Signup
578,578,E-Commerce Funnel
579,579,E-Commerce Funnel
580,580,Content Subscription
581,581,B2B SaaS Signup
582,582,E-Commerce Funnel
583,583,B2B SaaS Signup
584,584,Content Subscription
585,585,B2B SaaS Signup
586,586,E-Commerce Funnel
587,587,B2B SaaS Signup
588,588,B2B SaaS Signup
589,589,Content Subscription
590,590,E-Commerce Funnel
591,591,Content Subscription
592,592,B2B SaaS Signup
593,593,B2B SaaS Signup
594,594,Content Subscription
595,595,B2B SaaS Signup
596,596,Content Subscription
597,597,Content Subscription
598,598,Content Subscription
599,599,B2B SaaS Signup
600,600,B2B SaaS Signup
601,601,Content Subscription
602,602,B2B SaaS Signup
603,603,B2B SaaS Signup
604,604,Content Subscription
605,605,B2B SaaS Signup
606,606,E-Commerce Funnel
607,607,E-Commerce Funnel
608,608,Content Subscription
609,609,B2B SaaS Signup
610,610,E-Commerce Funnel
611,611,B2B SaaS Signup
612,612,B2B SaaS Signup
613,613,Content Subscription
614,614,Content Subscription
615,615,E-Commerce Funnel
616,616,B2B SaaS Signup
617,617,E-Commerce Funnel
618,618,B2B SaaS Signup
619,619,B2B SaaS Signup
620,620,E-Commerce Funnel
621,621,Content Subscription
622,622,Content Subscription
623,623,Content Subscription
624,624,Content Subscription
625,625,B2B SaaS Signup
626,626,E-Commerce Funnel
627,627,E-Commerce Funnel
628,628,E-Commerce Funnel
629,629,E-Commerce Funnel
630,630,Content Subscription
631,631,B2B SaaS Signup
632,632,E-Commerce Funnel
633,633,Content Subscription
634,634,B2B SaaS Signup
635,635,Content Subscription
636,636,Content Subscription
637,637,B2B SaaS Signup
638,638,Content Subscription
639,639,Content Subscription
640,640,Content Subscription
641,641,Content Subscription
642,642,E-Commerce Funnel
643,643,Content Subscription
644,644,B2B SaaS Signup
645,645,E-Commerce Funnel
646,646,Content Subscription
647,647,Content Subscription
648,648,E-Commerce Funnel
649,649,E-Commerce Funnel
650,650,B2B SaaS Signup
651,651,E-Commerce Funnel
652,652,E-Commerce Funnel
653,653,E-Commerce Funnel
654,654,B2B SaaS Signup
655,655,B2B SaaS Signup
656,656,E-Commerce Funnel
657,657,B2B SaaS Signup
658,658,E-Commerce Funnel
659,659,Content Subscription
660,660,B2B SaaS Signup
661,661,Content Subscription
662,662,B2B SaaS Signup
663,663,Content Subscription
664,664,Content Subscription
665,665,Content Subscription
666,666,Content Subscription
667,667,E-Commerce Funnel
668,668,Content Subscription
669,669,B2B SaaS Signup
670,670,B2B SaaS Signup
671,671,E-Commerce Funnel
672,672,E-Commerce Funnel
673,673,E-Commerce Funnel
674,674,E-Commerce Funnel
675,675,E-Commerce Funnel
676,676,E-Commerce Funnel
677,677,B2B SaaS Signup
678,678,E-Commerce Funnel
679,679,Content Subscription
680,680,E-Commerce Funnel
681,681,Content Subscription
682,682,E-Commerce Funnel
683,683,E-Commerce Funnel
684,684,Content Subscription
685,685,E-Commerce Funnel
686,686,B2B SaaS Signup
687,687,Content Subscription
688,688,B2B SaaS Signup
689,689,Content Subscription
690,690,E-Commerce Funnel
691,691,Content Subscription
692,692,Content Subscription
693,693,Content Subscription
694,694,E-Commerce Funnel
695,695,E-Commerce Funnel
696,696,B2B SaaS Signup
697,697,Content Subscription
698,698,Content Subscription
699,699,Content Subscription
700,700,B2B SaaS Signup
701,701,E-Commerce Funnel
702,702,B2B SaaS Signup
703,703,Content Subscription
704,704,Content Subscription
705,705,B2B SaaS Signup
706,706,E-Commerce Funnel
707,707,B2B SaaS Signup
708,708,E-Commerce Funnel
709,709,E-Commerce Funnel
710,710,B2B SaaS Signup
711,711,E-Commerce Funnel
712,712,B2B SaaS Signup
713,713,B2B SaaS Signup
714,714,Content Subscription
715,715,Content Subscription
716,716,B2B SaaS Signup
717,717,E-Commerce Funnel
718,718,B2B SaaS Signup
719,719,B2B SaaS Signup
720,720,E-Commerce Funnel
721,721,E-Commerce Funnel
722,722,E-Commerce Funnel
723,723,E-Commerce Funnel
724,724,E-Commerce Funnel
725,725,Content Subscription
726,726,E-Commerce Funnel
727,727,Content Subscription
728,728,E-Commerce Funnel
729,729,Content Subscription
730,730,Content Subscription
731,731,Content Subscription
732,732,Content Subscription
733,733,B2B SaaS Signup
734,734,B2B SaaS Signup
735,735,E-Commerce Funnel
736,736,B2B SaaS Signup
737,737,B2B SaaS Signup
738,738,B2B SaaS Signup
739,739,Content Subscription
740,740,B2B SaaS Signup
741,741,E-Commerce Funnel
742,742,Content Subscription
743,743,B2B SaaS Signup
744,744,B2B SaaS Signup
745,745,Content Subscription
746,746,B2B SaaS Signup
747,747,Content Subscription
748,748,Content Subscription
749,749,E-Commerce Funnel
750,750,B2B SaaS Signup
751,751,Content Subscription
752,752,B2B SaaS Signup
753,753,B2B SaaS Signup
754,754,E-Commerce Funnel
755,755,Content Subscription
756,756,B2B SaaS Signup
757,757,B2B SaaS Signup
758,758,B2B SaaS Signup
759,759,B2B SaaS Signup
760,760,B2B SaaS Signup
761,761,Content Subscription
762,762,B2B SaaS Signup
763,763,E-Commerce Funnel
764,764,Content Subscription
765,765,E-Commerce Funnel
766,766,Content Subscription
767,767,E-Commerce Funnel
768,768,B2B SaaS Signup
769,769,B2B SaaS Signup
770,770,Content Subscription
771,771,Content Subscription
772,772,Content Subscription
773,773,E-Commerce Funnel
774,774,Content Subscription
775,775,B2B SaaS Signup
776,776,B2B SaaS Signup
777,777,B2B SaaS Signup
778,778,Content Subscription
779,779,B2B SaaS Signup
780,780,Content Subscription
781,781,Content Subscription
782,782,B2B SaaS Signup
783,783,B2B SaaS Signup
784,784,B2B SaaS Signup
785,785,Content Subscription
786,786,B2B SaaS Signup
787,787,B2B SaaS Signup
788,788,Content Subscription
789,789,E-Commerce Funnel
790,790,Content Subscription
791,791,Content Subscription
792,792,E-Commerce Funnel
793,793,B2B SaaS Signup
794,794,E-Commerce Funnel
795,795,Content Subscription
796,796,B2B SaaS Signup
797,797,B2B SaaS Signup
798,798,E-Commerce Funnel
799,799,B2B SaaS Signup
800,800,E-Commerce Funnel
801,801,B2B SaaS Signup
802,802,B2B SaaS Signup
803,803,B2B SaaS Signup
804,804,E-Commerce Funnel
805,805,Content Subscription
806,806,E-Commerce Funnel
807,807,E-Commerce Funnel
808,808,B2B SaaS Signup
809,809,Content Subscription
810,810,B2B SaaS Signup
811,811,Content Subscription
812,812,Content Subscription
813,813,E-Commerce Funnel
814,814,B2B SaaS Signup
815,815,Content Subscription
816,816,Content Subscription
817,817,B2B SaaS Signup
818,818,B2B SaaS Signup
819,819,B2B SaaS Signup
820,820,Content Subscription
821,821,Content Subscription
822,822,Content Subscription
823,823,E-Commerce Funnel
824,824,E-Commerce Funnel
825,825,E-Commerce Funnel
826,826,Content Subscription
827,827,E-Commerce Funnel
828,828,E-Commerce Funnel
829,829,B2B SaaS Signup
830,830,E-Commerce Funnel
831,831,B2B SaaS Signup
832,832,Content Subscription
833,833,B2B SaaS Signup
834,834,Content Subscription
835,835,B2B SaaS Signup
836,836,B2B SaaS Signup
837,837,B2B SaaS Signup
838,838,B2B SaaS Signup
839,839,B2B SaaS Signup
840,840,B2B SaaS Signup
841,841,Content Subscription
842,842,B2B SaaS Signup
843,843,Content Subscription
844,844,B2B SaaS Signup
845,845,Content Subscription
846,846,Content Subscription
847,847,E-Commerce Funnel
848,848,Content Subscription
849,849,Content Subscription
850,850,B2B SaaS Signup
851,851,B2B SaaS Signup
852,852,Content Subscription
853,853,E-Commerce Funnel
854,854,E-Commerce Funnel
855,855,Content Subscription
856,856,E-Commerce Funnel
857,857,E-Commerce Funnel
858,858,Content Subscription
859,859,B2B SaaS Signup
860,860,Content Subscription
861,861,B2B SaaS Signup
862,862,Content Subscription
863,863,B2B SaaS Signup
864,864,Content Subscription
865,865,B2B SaaS Signup
866,866,Content Subscription
867,867,Content Subscription
868,868,E-Commerce Funnel
869,869,E-Commerce Funnel
870,870,Content Subscription
871,871,E-Commerce Funnel
872,872,B2B SaaS Signup
873,873,B2B SaaS Signup
874,874,B2B SaaS Signup
875,875,E-Commerce Funnel
876,876,B2B SaaS Signup
877,877,E-Commerce Funnel
878,878,E-Commerce Funnel
879,879,E-Commerce Funnel
880,880,E-Commerce Funnel
881,881,B2B SaaS Signup
882,882,Content Subscription
883,883,Content Subscription
884,884,Content Subscription
885,885,B2B SaaS Signup
886,886,B2B SaaS Signup
887,887,Content Subscription
888,888,Content Subscription
889,889,E-Commerce Funnel
890,890,B2B SaaS Signup
891,891,E-Commerce Funnel
892,892,Content Subscription
893,893,B2B SaaS Signup
894,894,E-Commerce Funnel
895,895,E-Commerce Funnel
896,896,E-Commerce Funnel
897,897,B2B SaaS Signup
898,898,E-Commerce Funnel
899,899,Content Subscription
900,900,B2B SaaS Signup
901,901,Content Subscription
902,902,B2B SaaS Signup
903,903,B2B SaaS Signup
904,904,E-Commerce Funnel
905,905,Content Subscription
906,906,B2B SaaS Signup
907,907,B2B SaaS Signup
908,908,E-Commerce Funnel
909,909,Content Subscription
910,910,B2B SaaS Signup
911,911,B2B SaaS Signup
912,912,Content Subscription
913,913,B2B SaaS Signup
914,914,E-Commerce Funnel
915,915,B2B SaaS Signup
916,916,B2B SaaS Signup
917,917,B2B SaaS Signup
918,918,E-Commerce Funnel
919,919,B2B SaaS Signup
920,920,Content Subscription
921,921,Content Subscription
922,922,E-Commerce Funnel
923,923,Content Subscription
924,924,E-Commerce Funnel
925,925,E-Commerce Funnel
926,926,E-Commerce Funnel
927,927,Content Subscription
928,928,B2B SaaS Signup
929,929,B2B SaaS Signup
930,930,Content Subscription
931,931,Content Subscription
932,932,B2B SaaS Signup
933,933,B2B SaaS Signup
934,934,B2B SaaS Signup
935,935,E-Commerce Funnel
936,936,Content Subscription
937,937,E-Commerce Funnel
938,938,Content Subscription
939,939,Content Subscription
940,940,Content Subscription
941,941,E-Commerce Funnel
942,942,Content Subscription
943,943,B2B SaaS Signup
944,944,B2B SaaS Signup
945,945,E-Commerce Funnel
946,946,E-Commerce Funnel
947,947,B2B SaaS Signup
948,948,E-Commerce Funnel
949,949,E-Commerce Funnel
950,950,E-Commerce Funnel
951,951,B2B SaaS Signup
952,952,E-Commerce Funnel
953,953,E-Commerce Funnel
954,954,E-Commerce Funnel
955,955,E-Commerce Funnel
956,956,B2B SaaS Signup
957,957,Content Subscription
958,958,B2B SaaS Signup
959,959,Content Subscription
960,960,B2B SaaS Signup
961,961,Content Subscription
962,962,E-Commerce Funnel
963,963,E-Commerce Funnel
964,964,E-Commerce Funnel
965,965,E-Commerce Funnel
966,966,E-Commerce Funnel
967,967,Content Subscription
968,968,E-Commerce Funnel
969,969,Content Subscription
970,970,B2B SaaS Signup
971,971,B2B SaaS Signup
972,972,B2B SaaS Signup
973,973,Content Subscription
974,974,B2B SaaS Signup
975,975,Content Subscription
976,976,E-Commerce Funnel
977,977,B2B SaaS Signup
978,978,Content Subscription
979,979,B2B SaaS Signup
980,980,Content Subscription
981,981,B2B SaaS Signup
982,982,E-Commerce Funnel
983,983,B2B SaaS Signup
984,984,Content Subscription
985,985,B2B SaaS Signup
986,986,B2B SaaS Signup
987,987,B2B SaaS Signup
988,988,B2B SaaS Signup
989,989,E-Commerce Funnel
990,990,E-Commerce Funnel
991,991,B2B SaaS Signup
992,992,E-Commerce Funnel
993,993,Content Subscription
994,994,Content Subscription
995,995,E-Commerce Funnel
996,996,B2B SaaS Signup
997,997,B2B SaaS Signup
998,998,B2B SaaS Signup
999,999,E-Commerce Funnel
1000,1000,E-Commerce Funnel
1001,1001,B2B SaaS Signup
1002,1002,E-Commerce Funnel
1003,1003,Content Subscription
1004,1004,E-Commerce Funnel
1005,1005,E-Commerce Funnel
1006,1006,B2B SaaS Signup
1007,1007,E-Commerce Funnel
1008,1008,B2B SaaS Signup
1009,1009,Content Subscription
1010,1010,B2B SaaS Signup
1011,1011,Content Subscription
1012,1012,E-Commerce Funnel
1013,1013,B2B SaaS Signup
1014,1014,B2B SaaS Signup
1015,1015,E-Commerce Funnel
1016,1016,E-Commerce Funnel
1017,1017,Content Subscription
1018,1018,Content Subscription
1019,1019,B2B SaaS Signup
1020,1020,Content Subscription
1021,1021,E-Commerce Funnel
1022,1022,Content Subscription
1023,1023,E-Commerce Funnel
1024,1024,E-Commerce Funnel
1025,1025,Content Subscription
1026,1026,B2B SaaS Signup
1027,1027,B2B SaaS Signup
1028,1028,Content Subscription
1029,1029,E-Commerce Funnel
1030,1030,E-Commerce Funnel
1031,1031,B2B SaaS Signup
1032,1032,Content Subscription
1033,1033,B2B SaaS Signup
1034,1034,E-Commerce Funnel
1035,1035,B2B SaaS Signup
1036,1036,B2B SaaS Signup
1037,1037,Content Subscription
1038,1038,B2B SaaS Signup
1039,1039,B2B SaaS Signup
1040,1040,E-Commerce Funnel
1041,1041,Content Subscription
1042,1042,B2B SaaS Signup
1043,1043,E-Commerce Funnel
1044,1044,E-Commerce Funnel
1045,1045,E-Commerce Funnel
1046,1046,Content Subscription
1047,1047,E-Commerce Funnel
1048,1048,E-Commerce Funnel
1049,1049,Content Subscription
1050,1050,Content Subscription
1051,1051,E-Commerce Funnel
1052,1052,B2B SaaS Signup
1053,1053,Content Subscription
1054,1054,E-Commerce Funnel
1055,1055,B2B SaaS Signup
1056,1056,B2B SaaS Signup
1057,1057,Content Subscription
1058,1058,Content Subscription
1059,1059,E-Commerce Funnel
1060,1060,E-Commerce Funnel
1061,1061,B2B SaaS Signup
1062,1062,Content Subscription
1063,1063,E-Commerce Funnel
1064,1064,B2B SaaS Signup
1065,1065,B2B SaaS Signup
1066,1066,Content Subscription
1067,1067,Content Subscription
1068,1068,B2B SaaS Signup
1069,1069,B2B SaaS Signup
1070,1070,B2B SaaS Signup
1071,1071,E-Commerce Funnel
1072,1072,Content Subscription
1073,1073,E-Commerce Funnel
1074,1074,E-Commerce Funnel
1075,1075,E-Commerce Funnel
1076,1076,Content Subscription
1077,1077,B2B SaaS Signup
1078,1078,B2B SaaS Signup
1079,1079,B2B SaaS Signup
1080,1080,B2B SaaS Signup
1081,1081,Content Subscription
1082,1082,E-Commerce Funnel
1083,1083,B2B SaaS Signup
1084,1084,Content Subscription
1085,1085,Content Subscription
1086,1086,Content Subscription
1087,1087,E-Commerce Funnel
1088,1088,E-Commerce Funnel
1089,1089,B2B SaaS Signup
1090,1090,E-Commerce Funnel
1091,1091,E-Commerce Funnel
1092,1092,Content Subscription
1093,1093,B2B SaaS Signup
1094,1094,E-Commerce Funnel
1095,1095,B2B SaaS Signup
1096,1096,Content Subscription
1097,1097,Content Subscription
1098,1098,Content Subscription
1099,1099,Content Subscription
1100,1100,E-Commerce Funnel
1101,1101,Content Subscription
1102,1102,Content Subscription
1103,1103,E-Commerce Funnel
1104,1104,E-Commerce Funnel
1105,1105,B2B SaaS Signup
1106,1106,B2B SaaS Signup
1107,1107,Content Subscription
1108,1108,B2B SaaS Signup
1109,1109,B2B SaaS Signup
1110,1110,Content Subscription
1111,1111,Content Subscription
1112,1112,Content Subscription
1113,1113,E-Commerce Funnel
1114,1114,Content Subscription
1115,1115,E-Commerce Funnel
1116,1116,Content Subscription
1117,1117,B2B SaaS Signup
1118,1118,Content Subscription
1119,1119,Content Subscription
1120,1120,Content Subscription
1121,1121,E-Commerce Funnel
1122,1122,B2B SaaS Signup
1123,1123,E-Commerce Funnel
1124,1124,E-Commerce Funnel
1125,1125,E-Commerce Funnel
1126,1126,E-Commerce Funnel
1127,1127,Content Subscription
1128,1128,E-Commerce Funnel
1129,1129,E-Commerce Funnel
1130,1130,E-Commerce Funnel
1131,1131,B2B SaaS Signup
1132,1132,B2B SaaS Signup
1133,1133,Content Subscription
1134,1134,E-Commerce Funnel
1135,1135,B2B SaaS Signup
1136,1136,Content Subscription
1137,1137,Content Subscription
1138,1138,Content Subscription
1139,1139,E-Commerce Funnel
1140,1140,E-Commerce Funnel
1141,1141,Content Subscription
1142,1142,B2B SaaS Signup
1143,1143,B2B SaaS Signup
1144,1144,Content Subscription
1145,1145,E-Commerce Funnel
1146,1146,Content Subscription
1147,1147,E-Commerce Funnel
1148,1148,Content Subscription
1149,1149,Content Subscription
1150,1150,B2B SaaS Signup
1151,1151,Content Subscription
1152,1152,E-Commerce Funnel
1153,1153,Content Subscription
1154,1154,E-Commerce Funnel
1155,1155,E-Commerce Funnel
1156,1156,B2B SaaS Signup
1157,1157,E-Commerce Funnel
1158,1158,E-Commerce Funnel
1159,1159,Content Subscription
1160,1160,B2B SaaS Signup
1161,1161,B2B SaaS Signup
1162,1162,E-Commerce Funnel
1163,1163,B2B SaaS Signup
1164,1164,B2B SaaS Signup
1165,1165,E-Commerce Funnel
1166,1166,Content Subscription
1167,1167,E-Commerce Funnel
1168,1168,Content Subscription
1169,1169,Content Subscription
1170,1170,B2B SaaS Signup
1171,1171,E-Commerce Funnel
1172,1172,E-Commerce Funnel
1173,1173,B2B SaaS Signup
1174,1174,Content Subscription
1175,1175,B2B SaaS Signup
1176,1176,E-Commerce Funnel
1177,1177,E-Commerce Funnel
1178,1178,E-Commerce Funnel
1179,1179,B2B SaaS Signup
1180,1180,B2B SaaS Signup
1181,1181,Content Subscription
1182,1182,Content Subscription
1183,1183,Content Subscription
1184,1184,Content Subscription
1185,1185,B2B SaaS Signup
1186,1186,B2B SaaS Signup
1187,1187,Content Subscription
1188,1188,Content Subscription
1189,1189,Content Subscription
1190,1190,B2B SaaS Signup
1191,1191,Content Subscription
1192,1192,B2B SaaS Signup
1193,1193,Content Subscription
1194,1194,Content Subscription
1195,1195,E-Commerce Funnel
1196,1196,E-Commerce Funnel
1197,1197,Content Subscription
1198,1198,B2B SaaS Signup
1199,1199,Content Subscription
1200,1200,E-Commerce Funnel
1201,1201,E-Commerce Funnel
1202,1202,B2B SaaS Signup
1203,1203,E-Commerce Funnel
1204,1204,Content Subscription
1205,1205,Content Subscription
1206,1206,B2B SaaS Signup
1207,1207,E-Commerce Funnel
1208,1208,E-Commerce Funnel
1209,1209,Content Subscription
1210,1210,E-Commerce Funnel
1211,1211,Content Subscription
1212,1212,B2B SaaS Signup
1213,1213,B2B SaaS Signup
1214,1214,Content Subscription
1215,1215,Content Subscription
1216,1216,B2B SaaS Signup
1217,1217,Content Subscription
1218,1218,Content Subscription
1219,1219,B2B SaaS Signup
1220,1220,B2B SaaS Signup
1221,1221,Content Subscription
1222,1222,Content Subscription
1223,1223,E-Commerce Funnel
1224,1224,B2B SaaS Signup
1225,1225,B2B SaaS Signup
1226,1226,E-Commerce Funnel
1227,1227,B2B SaaS Signup
1228,1228,B2B SaaS Signup
1229,1229,Content Subscription
1230,1230,B2B SaaS Signup
1231,1231,E-Commerce Funnel
1232,1232,E-Commerce Funnel
1233,1233,Content Subscription
1234,1234,E-Commerce Funnel
1235,1235,E-Commerce Funnel
1236,1236,B2B SaaS Signup
1237,1237,E-Commerce Funnel
1238,1238,B2B SaaS Signup
1239,1239,B2B SaaS Signup
1240,1240,Content Subscription
1241,1241,B2B SaaS Signup
1242,1242,Content Subscription
1243,1243,Content Subscription
1244,1244,E-Commerce Funnel
1245,1245,B2B SaaS Signup
1246,1246,B2B SaaS Signup
1247,1247,E-Commerce Funnel
1248,1248,E-Commerce Funnel
1249,1249,B2B SaaS Signup
1250,1250,B2B SaaS Signup
1251,1251,E-Commerce Funnel
1252,1252,B2B SaaS Signup
1253,1253,E-Commerce Funnel
1254,1254,E-Commerce Funnel
1255,1255,B2B SaaS Signup
1256,1256,Content Subscription
1257,1257,E-Commerce Funnel
1258,1258,E-Commerce Funnel
1259,1259,B2B SaaS Signup
1260,1260,E-Commerce Funnel
1261,1261,Content Subscription
1262,1262,E-Commerce Funnel
1263,1263,B2B SaaS Signup
1264,1264,E-Commerce Funnel
1265,1265,B2B SaaS Signup
1266,1266,B2B SaaS Signup
1267,1267,Content Subscription
1268,1268,Content Subscription
1269,1269,Content Subscription
1270,1270,E-Commerce Funnel
1271,1271,Content Subscription
1272,1272,E-Commerce Funnel
1273,1273,E-Commerce Funnel
1274,1274,Content Subscription
1275,1275,B2B SaaS Signup
1276,1276,E-Commerce Funnel
1277,1277,E-Commerce Funnel
1278,1278,B2B SaaS Signup
1279,1279,Content Subscription
1280,1280,B2B SaaS Signup
1281,1281,E-Commerce Funnel
1282,1282,B2B SaaS Signup
1283,1283,B2B SaaS Signup
1284,1284,E-Commerce Funnel
1285,1285,Content Subscription
1286,1286,E-Commerce Funnel
1287,1287,B2B SaaS Signup
1288,1288,Content Subscription
1289,1289,E-Commerce Funnel
1290,1290,B2B SaaS Signup
1291,1291,B2B SaaS Signup
1292,1292,E-Commerce Funnel
1293,1293,E-Commerce Funnel
1294,1294,B2B SaaS Signup
1295,1295,E-Commerce Funnel
1296,1296,Content Subscription
1297,1297,E-Commerce Funnel
1298,1298,E-Commerce Funnel
1299,1299,Content Subscription
1300,1300,Content Subscription
1301,1301,Content Subscription
1302,1302,Content Subscription
1303,1303,B2B SaaS Signup
1304,1304,B2B SaaS Signup
1305,1305,Content Subscription
1306,1306,B2B SaaS Signup
1307,1307,Content Subscription
1308,1308,E-Commerce Funnel
1309,1309,Content Subscription
1310,1310,B2B SaaS Signup
1311,1311,E-Commerce Funnel
1312,1312,Content Subscription
1313,1313,Content Subscription
1314,1314,E-Commerce Funnel
1315,1315,Content Subscription
1316,1316,Content Subscription
1317,1317,Content Subscription
1318,1318,B2B SaaS Signup
1319,1319,E-Commerce Funnel
1320,1320,E-Commerce Funnel
1321,1321,Content Subscription
1322,1322,Content Subscription
1323,1323,E-Commerce Funnel
1324,1324,E-Commerce Funnel
1325,1325,B2B SaaS Signup
1326,1326,B2B SaaS Signup
1327,1327,B2B SaaS Signup
1328,1328,Content Subscription
1329,1329,E-Commerce Funnel
1330,1330,Content Subscription
1331,1331,B2B SaaS Signup
1332,1332,Content Subscription
1333,1333,Content Subscription
1334,1334,B2B SaaS Signup
1335,1335,E-Commerce Funnel
1336,1336,E-Commerce Funnel
1337,1337,B2B SaaS Signup
1338,1338,B2B SaaS Signup
1339,1339,Content Subscription
1340,1340,B2B SaaS Signup
1341,1341,E-Commerce Funnel
1342,1342,E-Commerce Funnel
1343,1343,B2B SaaS Signup
1344,1344,B2B SaaS Signup
1345,1345,B2B SaaS Signup
1346,1346,E-Commerce Funnel
1347,1347,Content Subscription
1348,1348,E-Commerce Funnel
1349,1349,Content Subscription
1350,1350,Content Subscription
1351,1351,E-Commerce Funnel
1352,1352,E-Commerce Funnel
1353,1353,Content Subscription
1354,1354,Content Subscription
1355,1355,Content Subscription
1356,1356,B2B SaaS Signup
1357,1357,Content Subscription
1358,1358,E-Commerce Funnel
1359,1359,B2B SaaS Signup
1360,1360,Content Subscription
1361,1361,E-Commerce Funnel
1362,1362,E-Commerce Funnel
1363,1363,B2B SaaS Signup
1364,1364,Content Subscription
1365,1365,Content Subscription
1366,1366,Content Subscription
1367,1367,B2B SaaS Signup
1368,1368,B2B SaaS Signup
1369,1369,B2B SaaS Signup
1370,1370,B2B SaaS Signup
1371,1371,Content Subscription
1372,1372,E-Commerce Funnel
1373,1373,Content Subscription
1374,1374,B2B SaaS Signup
1375,1375,E-Commerce Funnel
1376,1376,E-Commerce Funnel
1377,1377,Content Subscription
1378,1378,B2B SaaS Signup
1379,1379,B2B SaaS Signup
1380,1380,B2B SaaS Signup
1381,1381,B2B SaaS Signup
1382,1382,E-Commerce Funnel
1383,1383,B2B SaaS Signup
1384,1384,E-Commerce Funnel
1385,1385,Content Subscription
1386,1386,Content Subscription
1387,1387,Content Subscription
1388,1388,B2B SaaS Signup
1389,1389,Content Subscription
1390,1390,B2B SaaS Signup
1391,1391,B2B SaaS Signup
1392,1392,Content Subscription
1393,1393,E-Commerce Funnel
1394,1394,E-Commerce Funnel
1395,1395,E-Commerce Funnel
1396,1396,Content Subscription
1397,1397,Content Subscription
1398,1398,Content Subscription
1399,1399,B2B SaaS Signup
1400,1400,B2B SaaS Signup
1401,1401,Content Subscription
1402,1402,B2B SaaS Signup
1403,1403,E-Commerce Funnel
1404,1404,B2B SaaS Signup
1405,1405,E-Commerce Funnel
1406,1406,B2B SaaS Signup
1407,1407,E-Commerce Funnel
1408,1408,B2B SaaS Signup
1409,1409,E-Commerce Funnel
1410,1410,E-Commerce Funnel
1411,1411,B2B SaaS Signup
1412,1412,B2B SaaS Signup
1413,1413,Content Subscription
1414,1414,E-Commerce Funnel
1415,1415,Content Subscription
1416,1416,Content Subscription
1417,1417,Content Subscription
1418,1418,Content Subscription
1419,1419,E-Commerce Funnel
1420,1420,Content Subscription
1421,1421,B2B SaaS Signup
1422,1422,E-Commerce Funnel
1423,1423,E-Commerce Funnel
1424,1424,Content Subscription
1425,1425,B2B SaaS Signup
1426,1426,E-Commerce Funnel
1427,1427,Content Subscription
1428,1428,B2B SaaS Signup
1429,1429,Content Subscription
1430,1430,B2B SaaS Signup
1431,1431,E-Commerce Funnel
1432,1432,B2B SaaS Signup
1433,1433,E-Commerce Funnel
1434,1434,B2B SaaS Signup
1435,1435,E-Commerce Funnel
1436,1436,B2B SaaS Signup
1437,1437,B2B SaaS Signup
1438,1438,Content Subscription
1439,1439,E-Commerce Funnel
1440,1440,B2B SaaS Signup
1441,1441,E-Commerce Funnel
1442,1442,Content Subscription
1443,1443,E-Commerce Funnel
1444,1444,Content Subscription
1445,1445,Content Subscription
1446,1446,E-Commerce Funnel
1447,1447,Content Subscription
1448,1448,Content Subscription
1449,1449,E-Commerce Funnel
1450,1450,E-Commerce Funnel
1451,1451,B2B SaaS Signup
1452,1452,Content Subscription
1453,1453,Content Subscription
1454,1454,E-Commerce Funnel
1455,1455,Content Subscription
1456,1456,E-Commerce Funnel
1457,1457,Content Subscription
1458,1458,Content Subscription
1459,1459,B2B SaaS Signup
1460,1460,B2B SaaS Signup
1461,1461,Content Subscription
1462,1462,Content Subscription
1463,1463,B2B SaaS Signup
1464,1464,E-Commerce Funnel
1465,1465,Content Subscription
1466,1466,E-Commerce Funnel
1467,1467,Content Subscription
1468,1468,Content Subscription
1469,1469,E-Commerce Funnel
1470,1470,E-Commerce Funnel
1471,1471,E-Commerce Funnel
1472,1472,B2B SaaS Signup
1473,1473,B2B SaaS Signup
1474,1474,B2B SaaS Signup
1475,1475,Content Subscription
1476,1476,E-Commerce Funnel
1477,1477,Content Subscription
1478,1478,E-Commerce Funnel
1479,1479,Content Subscription
1480,1480,B2B SaaS Signup
1481,1481,E-Commerce Funnel
1482,1482,Content Subscription
1483,1483,E-Commerce Funnel
1484,1484,Content Subscription
1485,1485,B2B SaaS Signup
1486,1486,B2B SaaS Signup
1487,1487,E-Commerce Funnel
1488,1488,Content Subscription
1489,1489,B2B SaaS Signup
1490,1490,Content Subscription
1491,1491,E-Commerce Funnel
1492,1492,B2B SaaS Signup
1493,1493,B2B SaaS Signup
1494,1494,E-Commerce Funnel
1495,1495,E-Commerce Funnel
1496,1496,E-Commerce Funnel
1497,1497,B2B SaaS Signup
1498,1498,Content Subscription
1499,1499,E-Commerce Funnel
1500,1500,B2B SaaS Signup
